,Date,Unix,Ticker,Price,stock_p_change,SP500,sp500_p_change,Difference,DE Ratio,Trailing P/E,Price/Sales,Price/Book,Profit Margin,Operating Margin,Return on Assets,Return on Equity,Revenue Per Share,Market Cap,Enterprise Value,Forward P/E,PEG Ratio,Enterprise Value/Revenue,Enterprise Value/EBITDA,Revenue,Gross Profit,EBITDA,Net Income Avl to Common ,Diluted EPS,Earnings Growth,Revenue Growth,Total Cash,Total Cash Per Share,Total Debt,Current Ratio,Book Value Per Share,Cash Flow,Beta,Held by Insiders,Held by Institutions,Shares Short (as of,Short Ratio,Short % of Float,Shares Short (prior Status,Shares Short (prior ,Status
0,2004-01-30 19:01:02,1075460462.0,a,36.65,0.0,1131.13,0.0,0.0,N/A,N/A,N/A,N/A,N/A,N/A,N/A,N/A,N/A,N/A,N/A,N/A,N/A,N/A,N/A,N/A,N/A,N/A,N/A,N/A,N/A,N/A,N/A,N/A,N/A,N/A,N/A,N/A,N/A,N/A,N/A,N/A,N/A,N/A,,N/A,underperform
1,2004-04-13 04:07:11,1081800431.0,a,31.87,-13.042291950886762,1129.44,-0.14940811400988874,-12.892883836876873,N/A,N/A,N/A,N/A,N/A,N/A,N/A,N/A,N/A,N/A,N/A,N/A,N/A,N/A,N/A,N/A,N/A,N/A,N/A,N/A,N/A,N/A,N/A,N/A,N/A,N/A,N/A,N/A,N/A,N/A,N/A,N/A,N/A,N/A,,N/A,underperform
2,2004-12-13 21:37:34,1102945054.0,a,23.84,-25.196109193598996,1198.68,6.130471738206545,-31.32658093180554,N/A,N/A,N/A,N/A,N/A,N/A,N/A,N/A,N/A,N/A,N/A,N/A,N/A,N/A,N/A,N/A,N/A,N/A,N/A,N/A,N/A,N/A,N/A,N/A,N/A,N/A,N/A,N/A,N/A,N/A,N/A,N/A,N/A,N/A,,N/A,underperform
3,2005-01-22 05:17:19,1106342239.0,a,21.8,-8.557046979865767,1184.63,-1.1721226682684247,-7.384924311597342,N/A,N/A,N/A,N/A,N/A,N/A,N/A,N/A,N/A,N/A,N/A,N/A,N/A,N/A,N/A,N/A,N/A,N/A,N/A,N/A,N/A,N/A,N/A,N/A,N/A,N/A,N/A,N/A,N/A,N/A,N/A,N/A,N/A,N/A,,N/A,underperform
4,2006-01-09 02:35:16,1136745316.0,a,34.65,58.94495412844035,1290.15,8.907422570760488,50.03753155767986,N/A,N/A,N/A,N/A,N/A,N/A,N/A,N/A,N/A,N/A,N/A,N/A,N/A,N/A,N/A,N/A,N/A,N/A,N/A,N/A,N/A,N/A,N/A,N/A,N/A,N/A,N/A,N/A,N/A,N/A,N/A,N/A,N/A,N/A,,N/A,outperform
5,2006-06-21 11:01:16,1150858876.0,a,32.18,-7.128427128427125,1252.2,-2.9415184280897604,-4.186908700337365,N/A,N/A,N/A,N/A,N/A,N/A,N/A,N/A,N/A,N/A,N/A,N/A,N/A,N/A,N/A,N/A,N/A,N/A,N/A,N/A,N/A,N/A,N/A,N/A,N/A,N/A,N/A,N/A,N/A,N/A,N/A,N/A,N/A,N/A,,N/A,underperform
6,2006-08-19 10:42:01,1155955321.0,a,31.8,-1.180857675574888,1295.43,3.4523239099185448,-4.633181585493433,N/A,N/A,N/A,N/A,N/A,N/A,N/A,N/A,N/A,N/A,N/A,N/A,N/A,N/A,N/A,N/A,N/A,N/A,N/A,N/A,N/A,N/A,N/A,N/A,N/A,N/A,N/A,N/A,N/A,N/A,N/A,N/A,N/A,N/A,,N/A,underperform
7,2007-02-20 17:46:56,1171964816.0,a,32.48,2.1383647798742014,1459.68,12.679187605659898,-10.540822825785696,N/A,N/A,N/A,N/A,N/A,N/A,N/A,N/A,N/A,N/A,N/A,N/A,N/A,N/A,N/A,N/A,N/A,N/A,N/A,N/A,N/A,N/A,N/A,N/A,N/A,N/A,N/A,N/A,N/A,N/A,N/A,N/A,N/A,N/A,,N/A,underperform
8,2007-04-12 05:07:51,1176325671.0,a,34.62,6.588669950738919,1447.8,-0.813877014140093,7.402546964879012,N/A,N/A,N/A,N/A,N/A,N/A,N/A,N/A,N/A,N/A,N/A,N/A,N/A,N/A,N/A,N/A,N/A,N/A,N/A,N/A,N/A,N/A,N/A,N/A,N/A,N/A,N/A,N/A,N/A,N/A,N/A,N/A,N/A,N/A,,N/A,outperform
9,2008-01-23 19:28:50,1201087730.0,a,32.16,-7.105719237435011,1338.6,-7.542478242851226,0.4367590054162154,N/A,N/A,N/A,N/A,N/A,N/A,N/A,N/A,N/A,N/A,N/A,N/A,N/A,N/A,N/A,N/A,N/A,N/A,N/A,N/A,N/A,N/A,N/A,N/A,N/A,N/A,N/A,N/A,N/A,N/A,N/A,N/A,N/A,N/A,,N/A,outperform
10,2008-02-14 04:44:34,1202935474.0,a,32.68,1.6169154228855822,1348.86,0.766472433886149,0.8504429889994332,N/A,N/A,N/A,N/A,N/A,N/A,N/A,N/A,N/A,N/A,N/A,N/A,N/A,N/A,N/A,N/A,N/A,N/A,N/A,N/A,N/A,N/A,N/A,N/A,N/A,N/A,N/A,N/A,N/A,N/A,N/A,N/A,N/A,N/A,,N/A,outperform
11,2008-04-26 04:49:23,1209156563.0,a,31.53,-3.51897184822521,1379.93,2.3034265972747483,-5.822398445499958,N/A,N/A,N/A,N/A,N/A,N/A,N/A,N/A,N/A,N/A,N/A,N/A,N/A,N/A,N/A,N/A,N/A,N/A,N/A,N/A,N/A,N/A,N/A,N/A,N/A,N/A,N/A,N/A,N/A,N/A,N/A,N/A,N/A,N/A,,N/A,underperform
12,2008-12-06 19:21:33,1228562493.0,a,17.26,-45.258483983507766,870.74,-36.89969781075852,-8.358786172749248,N/A,N/A,N/A,N/A,N/A,N/A,N/A,N/A,N/A,N/A,N/A,N/A,N/A,N/A,N/A,N/A,N/A,N/A,N/A,N/A,N/A,N/A,N/A,N/A,N/A,N/A,N/A,N/A,N/A,N/A,N/A,N/A,N/A,N/A,,N/A,underperform
13,2004-04-13 04:20:10,1081801210.0,aa,34.26,0.0,1129.44,0.0,0.0,N/A,N/A,N/A,N/A,N/A,N/A,N/A,N/A,N/A,N/A,N/A,N/A,N/A,N/A,N/A,N/A,N/A,N/A,N/A,N/A,N/A,N/A,N/A,N/A,N/A,N/A,N/A,N/A,N/A,N/A,N/A,N/A,N/A,N/A,,N/A,underperform
14,2004-09-09 16:15:45,1094717745.0,aa,32.89,-3.9988324576765835,1118.38,-0.979246352174524,-3.0195861055020594,N/A,N/A,N/A,N/A,N/A,N/A,N/A,N/A,N/A,N/A,N/A,N/A,N/A,N/A,N/A,N/A,N/A,N/A,N/A,N/A,N/A,N/A,N/A,N/A,N/A,N/A,N/A,N/A,N/A,N/A,N/A,N/A,N/A,N/A,,N/A,underperform
15,2004-11-24 10:37:20,1101263840.0,aa,33.58,2.0979020979020913,1181.76,5.6671256639067105,-3.569223566004619,N/A,N/A,N/A,N/A,N/A,N/A,N/A,N/A,N/A,N/A,N/A,N/A,N/A,N/A,N/A,N/A,N/A,N/A,N/A,N/A,N/A,N/A,N/A,N/A,N/A,N/A,N/A,N/A,N/A,N/A,N/A,N/A,N/A,N/A,,N/A,underperform
16,2004-12-05 00:36:42,1102178202.0,aa,32.86,-2.1441334127456786,1190.33,0.7251895477931167,-2.8693229605387955,N/A,N/A,N/A,N/A,N/A,N/A,N/A,N/A,N/A,N/A,N/A,N/A,N/A,N/A,N/A,N/A,N/A,N/A,N/A,N/A,N/A,N/A,N/A,N/A,N/A,N/A,N/A,N/A,N/A,N/A,N/A,N/A,N/A,N/A,,N/A,underperform
17,2005-01-13 07:18:32,1105571912.0,aa,29.43,-10.438222763237977,1177.45,-1.0820528760931745,-9.356169887144803,N/A,N/A,N/A,N/A,N/A,N/A,N/A,N/A,N/A,N/A,N/A,N/A,N/A,N/A,N/A,N/A,N/A,N/A,N/A,N/A,N/A,N/A,N/A,N/A,N/A,N/A,N/A,N/A,N/A,N/A,N/A,N/A,N/A,N/A,,N/A,underperform
18,2005-02-07 03:48:37,1107719317.0,aa,29.37,-0.20387359836900684,1201.72,2.0612340226761203,-2.2651076210451273,N/A,N/A,N/A,N/A,N/A,N/A,N/A,N/A,N/A,N/A,N/A,N/A,N/A,N/A,N/A,N/A,N/A,N/A,N/A,N/A,N/A,N/A,N/A,N/A,N/A,N/A,N/A,N/A,N/A,N/A,N/A,N/A,N/A,N/A,,N/A,underperform
19,2005-05-22 08:48:23,1116722903.0,aa,27.45,-6.537282941777329,1191.08,-0.8853975967779599,-5.65188534499937,N/A,N/A,N/A,N/A,N/A,N/A,N/A,N/A,N/A,N/A,N/A,N/A,N/A,N/A,N/A,N/A,N/A,N/A,N/A,N/A,N/A,N/A,N/A,N/A,N/A,N/A,N/A,N/A,N/A,N/A,N/A,N/A,N/A,N/A,,N/A,underperform
20,2006-06-20 04:32:21,1150749141.0,aa,29.1,6.010928961748642,1240.12,4.117271719783723,1.8936572419649194,N/A,N/A,N/A,N/A,N/A,N/A,N/A,N/A,N/A,N/A,N/A,N/A,N/A,N/A,N/A,N/A,N/A,N/A,N/A,N/A,N/A,N/A,N/A,N/A,N/A,N/A,N/A,N/A,N/A,N/A,N/A,N/A,N/A,N/A,,N/A,outperform
21,2007-01-25 19:09:37,1169723377.0,aa,31.46,8.10996563573883,1423.9,14.819533593523223,-6.709567957784394,N/A,N/A,N/A,N/A,N/A,N/A,N/A,N/A,N/A,N/A,N/A,N/A,N/A,N/A,N/A,N/A,N/A,N/A,N/A,N/A,N/A,N/A,N/A,N/A,N/A,N/A,N/A,N/A,N/A,N/A,N/A,N/A,N/A,N/A,,N/A,underperform
22,2007-02-23 09:03:42,1172192622.0,aa,34.75,10.457724094087729,1451.19,1.9165671746611392,8.541156919426589,N/A,N/A,N/A,N/A,N/A,N/A,N/A,N/A,N/A,N/A,N/A,N/A,N/A,N/A,N/A,N/A,N/A,N/A,N/A,N/A,N/A,N/A,N/A,N/A,N/A,N/A,N/A,N/A,N/A,N/A,N/A,N/A,N/A,N/A,,N/A,outperform
23,2007-05-16 21:12:47,1179321167.0,aa,39.04,12.345323741007192,1514.14,4.337819306913639,8.007504434093553,N/A,N/A,N/A,N/A,N/A,N/A,N/A,N/A,N/A,N/A,N/A,N/A,N/A,N/A,N/A,N/A,N/A,N/A,N/A,N/A,N/A,N/A,N/A,N/A,N/A,N/A,N/A,N/A,N/A,N/A,N/A,N/A,N/A,N/A,,N/A,outperform
24,2007-06-22 06:39:12,1182465552.0,aa,40.34,3.3299180327868965,1502.56,-0.7647905741873376,4.094708606974234,N/A,N/A,N/A,N/A,N/A,N/A,N/A,N/A,N/A,N/A,N/A,N/A,N/A,N/A,N/A,N/A,N/A,N/A,N/A,N/A,N/A,N/A,N/A,N/A,N/A,N/A,N/A,N/A,N/A,N/A,N/A,N/A,N/A,N/A,,N/A,outperform
25,2007-10-11 20:57:59,1192107479.0,aa,38.08,-5.602379771938535,1554.41,3.450777340006398,-9.053157111944934,N/A,N/A,N/A,N/A,N/A,N/A,N/A,N/A,N/A,N/A,N/A,N/A,N/A,N/A,N/A,N/A,N/A,N/A,N/A,N/A,N/A,N/A,N/A,N/A,N/A,N/A,N/A,N/A,N/A,N/A,N/A,N/A,N/A,N/A,,N/A,underperform
26,2008-01-23 16:05:53,1201075553.0,aa,28.04,-26.365546218487395,1338.6,-13.88372437130488,-12.481821847182516,N/A,N/A,N/A,N/A,N/A,N/A,N/A,N/A,N/A,N/A,N/A,N/A,N/A,N/A,N/A,N/A,N/A,N/A,N/A,N/A,N/A,N/A,N/A,N/A,N/A,N/A,N/A,N/A,N/A,N/A,N/A,N/A,N/A,N/A,,N/A,underperform
27,2008-10-28 00:52:22,1225126342.0,aa,9.04,-67.76034236804566,940.51,-29.73927984461377,-38.02106252343189,N/A,N/A,N/A,N/A,N/A,N/A,N/A,N/A,N/A,N/A,N/A,N/A,N/A,N/A,N/A,N/A,N/A,N/A,N/A,N/A,N/A,N/A,N/A,N/A,N/A,N/A,N/A,N/A,N/A,N/A,N/A,N/A,N/A,N/A,,N/A,underperform
28,2008-12-05 01:03:15,1228410195.0,aa,8.06,-10.840707964601757,876.07,-6.851601790517904,-3.9891061740838527,N/A,N/A,N/A,N/A,N/A,N/A,N/A,N/A,N/A,N/A,N/A,N/A,N/A,N/A,N/A,N/A,N/A,N/A,N/A,N/A,N/A,N/A,N/A,N/A,N/A,N/A,N/A,N/A,N/A,N/A,N/A,N/A,N/A,N/A,,N/A,underperform
29,2008-12-06 09:33:46,1228527226.0,aa,8.15,1.1166253101736956,870.74,-0.6083988722362415,1.725024182409937,N/A,N/A,N/A,N/A,N/A,N/A,N/A,N/A,N/A,N/A,N/A,N/A,N/A,N/A,N/A,N/A,N/A,N/A,N/A,N/A,N/A,N/A,N/A,N/A,N/A,N/A,N/A,N/A,N/A,N/A,N/A,N/A,N/A,N/A,,N/A,outperform
30,2008-12-18 10:54:07,1229568847.0,aa,10.35,26.993865030674836,885.28,1.6698440407010087,25.324020989973828,N/A,N/A,N/A,N/A,N/A,N/A,N/A,N/A,N/A,N/A,N/A,N/A,N/A,N/A,N/A,N/A,N/A,N/A,N/A,N/A,N/A,N/A,N/A,N/A,N/A,N/A,N/A,N/A,N/A,N/A,N/A,N/A,N/A,N/A,,N/A,outperform
31,2009-03-09 18:17:50,1236593870.0,aa,5.49,-46.95652173913043,676.53,-23.58011024760528,-23.37641149152515,N/A,N/A,N/A,N/A,N/A,N/A,N/A,N/A,N/A,N/A,N/A,N/A,N/A,N/A,N/A,N/A,N/A,N/A,N/A,N/A,N/A,N/A,N/A,N/A,N/A,N/A,N/A,N/A,N/A,N/A,N/A,N/A,N/A,N/A,,N/A,underperform
32,2003-12-07 10:36:10,1070764570.0,aapl,20.85,0.0,1069.72,0.0,0.0,N/A,N/A,N/A,N/A,N/A,N/A,N/A,N/A,N/A,N/A,N/A,N/A,N/A,N/A,N/A,N/A,N/A,N/A,N/A,N/A,N/A,N/A,N/A,N/A,N/A,N/A,N/A,N/A,N/A,N/A,N/A,N/A,N/A,N/A,,N/A,underperform
33,2004-02-03 07:33:34,1075764814.0,aapl,22.32,7.05035971223021,1136.03,6.198818382380431,0.8515413298497796,N/A,N/A,N/A,N/A,N/A,N/A,N/A,N/A,N/A,N/A,N/A,N/A,N/A,N/A,N/A,N/A,N/A,N/A,N/A,N/A,N/A,N/A,N/A,N/A,N/A,N/A,N/A,N/A,N/A,N/A,N/A,N/A,N/A,N/A,,N/A,outperform
34,2004-06-03 01:20:38,1086196838.0,aapl,28.92,29.569892473118287,1116.64,-1.7068211226816083,31.276713595799894,N/A,N/A,N/A,N/A,N/A,N/A,N/A,N/A,N/A,N/A,N/A,N/A,N/A,N/A,N/A,N/A,N/A,N/A,N/A,N/A,N/A,N/A,N/A,N/A,N/A,N/A,N/A,N/A,N/A,N/A,N/A,N/A,N/A,N/A,,N/A,outperform
35,2004-08-10 02:02:44,1092074564.0,aapl,30.3,4.771784232365142,1079.04,-3.3672445909156155,8.139028823280757,N/A,N/A,N/A,N/A,N/A,N/A,N/A,N/A,N/A,N/A,N/A,N/A,N/A,N/A,N/A,N/A,N/A,N/A,N/A,N/A,N/A,N/A,N/A,N/A,N/A,N/A,N/A,N/A,N/A,N/A,N/A,N/A,N/A,N/A,,N/A,outperform
36,2004-10-12 05:40:57,1097530857.0,aapl,38.59,27.359735973597367,1121.84,3.9664887307236025,23.393247242873763,N/A,N/A,N/A,N/A,N/A,N/A,N/A,N/A,N/A,N/A,N/A,N/A,N/A,N/A,N/A,N/A,N/A,N/A,N/A,N/A,N/A,N/A,N/A,N/A,N/A,N/A,N/A,N/A,N/A,N/A,N/A,N/A,N/A,N/A,,N/A,outperform
37,2004-12-04 14:16:51,1102141011.0,aapl,62.68,62.42549883389478,1191.37,6.197853526349566,56.22764530754521,N/A,N/A,N/A,N/A,N/A,N/A,N/A,N/A,N/A,N/A,N/A,N/A,N/A,N/A,N/A,N/A,N/A,N/A,N/A,N/A,N/A,N/A,N/A,N/A,N/A,N/A,N/A,N/A,N/A,N/A,N/A,N/A,N/A,N/A,,N/A,outperform
38,2005-01-26 15:16:47,1106723807.0,aapl,71.94,14.773452456924055,1174.07,-1.4521097559951952,16.22556221291925,N/A,N/A,N/A,N/A,N/A,N/A,N/A,N/A,N/A,N/A,N/A,N/A,N/A,N/A,N/A,N/A,N/A,N/A,N/A,N/A,N/A,N/A,N/A,N/A,N/A,N/A,N/A,N/A,N/A,N/A,N/A,N/A,N/A,N/A,,N/A,outperform
39,2005-02-04 03:07:08,1107457628.0,aapl,77.81,8.159577425632477,1203.03,2.466633164973131,5.692944260659346,N/A,N/A,N/A,N/A,N/A,N/A,N/A,N/A,N/A,N/A,N/A,N/A,N/A,N/A,N/A,N/A,N/A,N/A,N/A,N/A,N/A,N/A,N/A,N/A,N/A,N/A,N/A,N/A,N/A,N/A,N/A,N/A,N/A,N/A,,N/A,outperform
40,2005-03-01 10:36:03,1109644563.0,aapl,44.86,-42.34674206400206,1210.41,0.6134510361337714,-42.96019310013583,N/A,N/A,N/A,N/A,N/A,N/A,N/A,N/A,N/A,N/A,N/A,N/A,N/A,N/A,N/A,N/A,N/A,N/A,N/A,N/A,N/A,N/A,N/A,N/A,N/A,N/A,N/A,N/A,N/A,N/A,N/A,N/A,N/A,N/A,,N/A,underperform
41,2005-12-17 11:55:53,1134791753.0,aapl,71.11,58.51538118591173,1272.74,5.1494947992828815,53.365886386628844,N/A,N/A,N/A,N/A,N/A,N/A,N/A,N/A,N/A,N/A,N/A,N/A,N/A,N/A,N/A,N/A,N/A,N/A,N/A,N/A,N/A,N/A,N/A,N/A,N/A,N/A,N/A,N/A,N/A,N/A,N/A,N/A,N/A,N/A,,N/A,outperform
42,2006-01-25 09:43:52,1138153432.0,aapl,76.04,6.93292082688793,1264.68,-0.6332793814918951,7.566200208379825,N/A,N/A,N/A,N/A,N/A,N/A,N/A,N/A,N/A,N/A,N/A,N/A,N/A,N/A,N/A,N/A,N/A,N/A,N/A,N/A,N/A,N/A,N/A,N/A,N/A,N/A,N/A,N/A,N/A,N/A,N/A,N/A,N/A,N/A,,N/A,outperform
43,2006-02-03 13:49:59,1138945799.0,aapl,72.1,-5.181483429773818,1264.03,-0.05139640067053254,-5.130087029103286,N/A,N/A,N/A,N/A,N/A,N/A,N/A,N/A,N/A,N/A,N/A,N/A,N/A,N/A,N/A,N/A,N/A,N/A,N/A,N/A,N/A,N/A,N/A,N/A,N/A,N/A,N/A,N/A,N/A,N/A,N/A,N/A,N/A,N/A,,N/A,underperform
44,2006-02-07 09:17:30,1139275050.0,aapl,67.3,-6.657420249653256,1254.78,-0.731786429119562,-5.925633820533695,N/A,N/A,N/A,N/A,N/A,N/A,N/A,N/A,N/A,N/A,N/A,N/A,N/A,N/A,N/A,N/A,N/A,N/A,N/A,N/A,N/A,N/A,N/A,N/A,N/A,N/A,N/A,N/A,N/A,N/A,N/A,N/A,N/A,N/A,,N/A,underperform
45,2006-02-17 15:01:01,1140159661.0,aapl,70.21,4.323922734026741,1287.24,2.5869076650887037,1.7370150689380375,N/A,N/A,N/A,N/A,N/A,N/A,N/A,N/A,N/A,N/A,N/A,N/A,N/A,N/A,N/A,N/A,N/A,N/A,N/A,N/A,N/A,N/A,N/A,N/A,N/A,N/A,N/A,N/A,N/A,N/A,N/A,N/A,N/A,N/A,,N/A,outperform
46,2007-02-17 21:52:03,1171720323.0,aapl,84.83,20.82324455205812,1455.3,13.0558404027221,7.767404149336022,N/A,N/A,N/A,N/A,N/A,N/A,N/A,N/A,N/A,N/A,N/A,N/A,N/A,N/A,N/A,N/A,N/A,N/A,N/A,N/A,N/A,N/A,N/A,N/A,N/A,N/A,N/A,N/A,N/A,N/A,N/A,N/A,N/A,N/A,,N/A,outperform
47,2007-02-19 17:27:55,1171877275.0,aapl,84.83,0.0,1455.54,0.016491445062874262,-0.016491445062874262,N/A,N/A,N/A,N/A,N/A,N/A,N/A,N/A,N/A,N/A,N/A,N/A,N/A,N/A,N/A,N/A,N/A,N/A,N/A,N/A,N/A,N/A,N/A,N/A,N/A,N/A,N/A,N/A,N/A,N/A,N/A,N/A,N/A,N/A,,N/A,underperform
48,2008-01-23 06:28:45,1201040925.0,aapl,155.64,83.47282800895908,1338.6,-8.034131662475787,91.50695967143487,N/A,N/A,N/A,N/A,N/A,N/A,N/A,N/A,N/A,N/A,N/A,N/A,N/A,N/A,N/A,N/A,N/A,N/A,N/A,N/A,N/A,N/A,N/A,N/A,N/A,N/A,N/A,N/A,N/A,N/A,N/A,N/A,N/A,N/A,,N/A,outperform
49,2008-10-27 05:55:02,1225058102.0,aapl,96.38,-38.07504497558468,848.92,-36.58150306290154,-1.493541912683142,N/A,N/A,N/A,N/A,N/A,N/A,N/A,N/A,N/A,N/A,N/A,N/A,N/A,N/A,N/A,N/A,N/A,N/A,N/A,N/A,N/A,N/A,N/A,N/A,N/A,N/A,N/A,N/A,N/A,N/A,N/A,N/A,N/A,N/A,,N/A,underperform
50,2008-10-29 21:14:51,1225286091.0,aapl,104.55,8.476862419589128,930.09,9.561560571078557,-1.0846981514894285,N/A,N/A,N/A,N/A,N/A,N/A,N/A,N/A,N/A,N/A,N/A,N/A,N/A,N/A,N/A,N/A,N/A,N/A,N/A,N/A,N/A,N/A,N/A,N/A,N/A,N/A,N/A,N/A,N/A,N/A,N/A,N/A,N/A,N/A,,N/A,underperform
51,2008-10-31 22:34:03,1225463643.0,aapl,107.59,2.9076996652319527,968.75,4.15658699695728,-1.2488873317253275,N/A,N/A,N/A,N/A,N/A,N/A,N/A,N/A,N/A,N/A,N/A,N/A,N/A,N/A,N/A,N/A,N/A,N/A,N/A,N/A,N/A,N/A,N/A,N/A,N/A,N/A,N/A,N/A,N/A,N/A,N/A,N/A,N/A,N/A,,N/A,underperform
52,2008-12-03 23:41:54,1228318914.0,aapl,95.9,-10.865322055953152,870.74,-10.11716129032258,-0.7481607656305727,N/A,N/A,N/A,N/A,N/A,N/A,N/A,N/A,N/A,N/A,N/A,N/A,N/A,N/A,N/A,N/A,N/A,N/A,N/A,N/A,N/A,N/A,N/A,N/A,N/A,N/A,N/A,N/A,N/A,N/A,N/A,N/A,N/A,N/A,,N/A,underperform
53,2008-12-07 14:27:24,1228631244.0,aapl,94.0,-1.981230448383739,845.22,-2.93084043457289,0.9496099861891509,N/A,N/A,N/A,N/A,N/A,N/A,N/A,N/A,N/A,N/A,N/A,N/A,N/A,N/A,N/A,N/A,N/A,N/A,N/A,N/A,N/A,N/A,N/A,N/A,N/A,N/A,N/A,N/A,N/A,N/A,N/A,N/A,N/A,N/A,,N/A,outperform
54,2008-12-16 01:57:34,1229363854.0,aapl,94.75,0.7978723404255319,913.18,8.040510163034467,-7.242637822608935,N/A,N/A,N/A,N/A,N/A,N/A,N/A,N/A,N/A,N/A,N/A,N/A,N/A,N/A,N/A,N/A,N/A,N/A,N/A,N/A,N/A,N/A,N/A,N/A,N/A,N/A,N/A,N/A,N/A,N/A,N/A,N/A,N/A,N/A,,N/A,underperform
55,2008-12-17 02:12:01,1229451121.0,aapl,95.43,0.7176781002638595,904.42,-0.9592851354606968,1.6769632357245563,N/A,N/A,N/A,N/A,N/A,N/A,N/A,N/A,N/A,N/A,N/A,N/A,N/A,N/A,N/A,N/A,N/A,N/A,N/A,N/A,N/A,N/A,N/A,N/A,N/A,N/A,N/A,N/A,N/A,N/A,N/A,N/A,N/A,N/A,,N/A,outperform
56,2009-01-01 01:31:55,1230744715.0,aapl,85.35,-10.562716127004098,869.42,-3.869883461223768,-6.69283266578033,N/A,N/A,N/A,N/A,N/A,N/A,N/A,N/A,N/A,N/A,N/A,N/A,N/A,N/A,N/A,N/A,N/A,N/A,N/A,N/A,N/A,N/A,N/A,N/A,N/A,N/A,N/A,N/A,N/A,N/A,N/A,N/A,N/A,N/A,,N/A,underperform
57,2009-01-12 07:25:12,1231716312.0,aapl,90.58,6.127709431751616,870.26,0.09661613489453105,6.031093296857085,N/A,N/A,N/A,N/A,N/A,N/A,N/A,N/A,N/A,N/A,N/A,N/A,N/A,N/A,N/A,N/A,N/A,N/A,N/A,N/A,N/A,N/A,N/A,N/A,N/A,N/A,N/A,N/A,N/A,N/A,N/A,N/A,N/A,N/A,,N/A,outperform
58,2003-10-26 16:06:32,1067155592.0,abc,57.01,0.0,1033.77,0.0,0.0,N/A,N/A,N/A,N/A,N/A,N/A,N/A,N/A,N/A,N/A,N/A,N/A,N/A,N/A,N/A,N/A,N/A,N/A,N/A,N/A,N/A,N/A,N/A,N/A,N/A,N/A,N/A,N/A,N/A,N/A,N/A,N/A,N/A,N/A,,N/A,underperform
59,2004-01-28 07:37:34,1075246654.0,abc,56.36,-1.14015085072794,1128.48,9.16161235090978,-10.30176320163772,N/A,N/A,N/A,N/A,N/A,N/A,N/A,N/A,N/A,N/A,N/A,N/A,N/A,N/A,N/A,N/A,N/A,N/A,N/A,N/A,N/A,N/A,N/A,N/A,N/A,N/A,N/A,N/A,N/A,N/A,N/A,N/A,N/A,N/A,,N/A,underperform
60,2004-05-16 19:24:15,1084706655.0,abc,58.97,4.630943931866572,1096.44,-2.8392173543173085,7.47016128618388,N/A,N/A,N/A,N/A,N/A,N/A,N/A,N/A,N/A,N/A,N/A,N/A,N/A,N/A,N/A,N/A,N/A,N/A,N/A,N/A,N/A,N/A,N/A,N/A,N/A,N/A,N/A,N/A,N/A,N/A,N/A,N/A,N/A,N/A,,N/A,outperform
61,2004-10-20 01:31:26,1098207086.0,abc,52.1,-11.649991521112426,1103.66,0.6584947648754175,-12.308486285987843,N/A,N/A,N/A,N/A,N/A,N/A,N/A,N/A,N/A,N/A,N/A,N/A,N/A,N/A,N/A,N/A,N/A,N/A,N/A,N/A,N/A,N/A,N/A,N/A,N/A,N/A,N/A,N/A,N/A,N/A,N/A,N/A,N/A,N/A,,N/A,underperform
62,2005-01-08 07:45:42,1105141542.0,abc,57.9,11.132437619961607,1183.74,7.255857782288016,3.8765798376735905,N/A,N/A,N/A,N/A,N/A,N/A,N/A,N/A,N/A,N/A,N/A,N/A,N/A,N/A,N/A,N/A,N/A,N/A,N/A,N/A,N/A,N/A,N/A,N/A,N/A,N/A,N/A,N/A,N/A,N/A,N/A,N/A,N/A,N/A,,N/A,outperform
63,2005-03-30 19:52:42,1112183562.0,abc,55.44,-4.248704663212437,1181.41,-0.1968337641711801,-4.051870899041257,N/A,N/A,N/A,N/A,N/A,N/A,N/A,N/A,N/A,N/A,N/A,N/A,N/A,N/A,N/A,N/A,N/A,N/A,N/A,N/A,N/A,N/A,N/A,N/A,N/A,N/A,N/A,N/A,N/A,N/A,N/A,N/A,N/A,N/A,,N/A,underperform
64,2005-05-26 01:50:44,1117043444.0,abc,65.93,18.92135642135644,1197.62,1.3720892831447007,17.54926713821174,N/A,N/A,N/A,N/A,N/A,N/A,N/A,N/A,N/A,N/A,N/A,N/A,N/A,N/A,N/A,N/A,N/A,N/A,N/A,N/A,N/A,N/A,N/A,N/A,N/A,N/A,N/A,N/A,N/A,N/A,N/A,N/A,N/A,N/A,,N/A,outperform
65,2005-12-04 08:46:13,1133657173.0,abc,79.46,20.521765508873024,1264.67,5.598603897730515,14.92316161114251,N/A,N/A,N/A,N/A,N/A,N/A,N/A,N/A,N/A,N/A,N/A,N/A,N/A,N/A,N/A,N/A,N/A,N/A,N/A,N/A,N/A,N/A,N/A,N/A,N/A,N/A,N/A,N/A,N/A,N/A,N/A,N/A,N/A,N/A,,N/A,outperform
66,2007-02-20 06:12:02,1171923122.0,abc,54.9,-30.90863327460357,1459.68,15.419832841768995,-46.32846611637257,N/A,N/A,N/A,N/A,N/A,N/A,N/A,N/A,N/A,N/A,N/A,N/A,N/A,N/A,N/A,N/A,N/A,N/A,N/A,N/A,N/A,N/A,N/A,N/A,N/A,N/A,N/A,N/A,N/A,N/A,N/A,N/A,N/A,N/A,,N/A,underperform
67,2007-04-05 16:11:07,1175760667.0,abc,53.94,-1.7486338797814225,1443.76,-1.0906500054806583,-0.6579838743007642,N/A,N/A,N/A,N/A,N/A,N/A,N/A,N/A,N/A,N/A,N/A,N/A,N/A,N/A,N/A,N/A,N/A,N/A,N/A,N/A,N/A,N/A,N/A,N/A,N/A,N/A,N/A,N/A,N/A,N/A,N/A,N/A,N/A,N/A,,N/A,underperform
68,2008-01-23 20:34:05,1201091645.0,abc,45.55,-15.554319614386358,1338.6,-7.283759073530232,-8.270560540856126,N/A,N/A,N/A,N/A,N/A,N/A,N/A,N/A,N/A,N/A,N/A,N/A,N/A,N/A,N/A,N/A,N/A,N/A,N/A,N/A,N/A,N/A,N/A,N/A,N/A,N/A,N/A,N/A,N/A,N/A,N/A,N/A,N/A,N/A,,N/A,underperform
69,2009-02-09 08:47:34,1234140454.0,abc,38.76,-14.906695938529088,869.89,-35.01494098311669,20.108245044587598,N/A,N/A,N/A,N/A,N/A,N/A,N/A,N/A,N/A,N/A,N/A,N/A,N/A,N/A,N/A,N/A,N/A,N/A,N/A,N/A,N/A,N/A,N/A,N/A,N/A,N/A,N/A,N/A,N/A,N/A,N/A,N/A,N/A,N/A,,N/A,outperform
70,2004-09-20 13:31:02,1095658262.0,abt,42.92,0.0,1122.2,0.0,0.0,N/A,N/A,N/A,N/A,N/A,N/A,N/A,N/A,N/A,N/A,N/A,N/A,N/A,N/A,N/A,N/A,N/A,N/A,N/A,N/A,N/A,N/A,N/A,N/A,N/A,N/A,N/A,N/A,N/A,N/A,N/A,N/A,N/A,N/A,,N/A,underperform
71,2004-10-23 22:48:08,1098542888.0,abt,40.86,-4.7996272134203215,1103.66,-1.652111923008373,-3.1475152904119486,N/A,N/A,N/A,N/A,N/A,N/A,N/A,N/A,N/A,N/A,N/A,N/A,N/A,N/A,N/A,N/A,N/A,N/A,N/A,N/A,N/A,N/A,N/A,N/A,N/A,N/A,N/A,N/A,N/A,N/A,N/A,N/A,N/A,N/A,,N/A,underperform
72,2005-01-25 12:44:11,1106628251.0,abt,45.93,12.408223201174744,1168.41,5.866843049489879,6.541380151684865,N/A,N/A,N/A,N/A,N/A,N/A,N/A,N/A,N/A,N/A,N/A,N/A,N/A,N/A,N/A,N/A,N/A,N/A,N/A,N/A,N/A,N/A,N/A,N/A,N/A,N/A,N/A,N/A,N/A,N/A,N/A,N/A,N/A,N/A,,N/A,outperform
73,2005-02-28 19:21:54,1109589714.0,abt,45.61,-0.6967123884171571,1203.6,3.011785246617183,-3.70849763503434,N/A,N/A,N/A,N/A,N/A,N/A,N/A,N/A,N/A,N/A,N/A,N/A,N/A,N/A,N/A,N/A,N/A,N/A,N/A,N/A,N/A,N/A,N/A,N/A,N/A,N/A,N/A,N/A,N/A,N/A,N/A,N/A,N/A,N/A,,N/A,underperform
74,2006-06-17 18:01:01,1150538461.0,abt,42.78,-6.204779653584736,1230.04,2.1967431040212744,-8.40152275760601,N/A,N/A,N/A,N/A,N/A,N/A,N/A,N/A,N/A,N/A,N/A,N/A,N/A,N/A,N/A,N/A,N/A,N/A,N/A,N/A,N/A,N/A,N/A,N/A,N/A,N/A,N/A,N/A,N/A,N/A,N/A,N/A,N/A,N/A,,N/A,underperform
75,2006-07-18 12:32:14,1153197134.0,abt,44.48,3.973819541841972,1236.86,0.5544535137068661,3.419366028135106,N/A,N/A,N/A,N/A,N/A,N/A,N/A,N/A,N/A,N/A,N/A,N/A,N/A,N/A,N/A,N/A,N/A,N/A,N/A,N/A,N/A,N/A,N/A,N/A,N/A,N/A,N/A,N/A,N/A,N/A,N/A,N/A,N/A,N/A,,N/A,outperform
76,2007-01-13 21:19:42,1168694382.0,abt,50.45,13.421762589928072,1414.85,14.39047264848083,-0.9687100585527588,N/A,N/A,N/A,N/A,N/A,N/A,N/A,N/A,N/A,N/A,N/A,N/A,N/A,N/A,N/A,N/A,N/A,N/A,N/A,N/A,N/A,N/A,N/A,N/A,N/A,N/A,N/A,N/A,N/A,N/A,N/A,N/A,N/A,N/A,,N/A,underperform
77,2007-03-23 02:47:40,1174589260.0,abt,54.5,8.027750247770063,1436.11,1.5026327879280483,6.525117459842015,N/A,N/A,N/A,N/A,N/A,N/A,N/A,N/A,N/A,N/A,N/A,N/A,N/A,N/A,N/A,N/A,N/A,N/A,N/A,N/A,N/A,N/A,N/A,N/A,N/A,N/A,N/A,N/A,N/A,N/A,N/A,N/A,N/A,N/A,,N/A,outperform
78,2007-04-10 20:13:09,1176207189.0,abt,57.11,4.788990825688073,1448.39,0.8550877021955283,3.933903123492544,N/A,N/A,N/A,N/A,N/A,N/A,N/A,N/A,N/A,N/A,N/A,N/A,N/A,N/A,N/A,N/A,N/A,N/A,N/A,N/A,N/A,N/A,N/A,N/A,N/A,N/A,N/A,N/A,N/A,N/A,N/A,N/A,N/A,N/A,,N/A,outperform
79,2007-06-03 02:36:35,1180809395.0,abt,56.3,-1.4183155314305766,1530.62,5.677338285958877,-7.095653817389453,N/A,N/A,N/A,N/A,N/A,N/A,N/A,N/A,N/A,N/A,N/A,N/A,N/A,N/A,N/A,N/A,N/A,N/A,N/A,N/A,N/A,N/A,N/A,N/A,N/A,N/A,N/A,N/A,N/A,N/A,N/A,N/A,N/A,N/A,,N/A,underperform
80,2008-01-23 23:41:45,1201102905.0,abt,57.97,2.966252220248671,1338.6,-12.545243104101605,15.511495324350276,N/A,N/A,N/A,N/A,N/A,N/A,N/A,N/A,N/A,N/A,N/A,N/A,N/A,N/A,N/A,N/A,N/A,N/A,N/A,N/A,N/A,N/A,N/A,N/A,N/A,N/A,N/A,N/A,N/A,N/A,N/A,N/A,N/A,N/A,,N/A,outperform
81,2008-04-28 03:46:55,1209325615.0,abt,51.28,-11.540451957909259,1396.37,4.315702973255639,-15.856154931164898,N/A,N/A,N/A,N/A,N/A,N/A,N/A,N/A,N/A,N/A,N/A,N/A,N/A,N/A,N/A,N/A,N/A,N/A,N/A,N/A,N/A,N/A,N/A,N/A,N/A,N/A,N/A,N/A,N/A,N/A,N/A,N/A,N/A,N/A,,N/A,underperform
82,2008-10-23 21:57:42,1224770262.0,abt,55.02,7.29329173166927,908.11,-34.96637710635433,42.2596688380236,N/A,N/A,N/A,N/A,N/A,N/A,N/A,N/A,N/A,N/A,N/A,N/A,N/A,N/A,N/A,N/A,N/A,N/A,N/A,N/A,N/A,N/A,N/A,N/A,N/A,N/A,N/A,N/A,N/A,N/A,N/A,N/A,N/A,N/A,,N/A,outperform
83,2008-12-25 05:30:56,1230154256.0,abt,52.65,-4.307524536532179,871.63,-4.017134488112675,-0.29039004841950344,N/A,N/A,N/A,N/A,N/A,N/A,N/A,N/A,N/A,N/A,N/A,N/A,N/A,N/A,N/A,N/A,N/A,N/A,N/A,N/A,N/A,N/A,N/A,N/A,N/A,N/A,N/A,N/A,N/A,N/A,N/A,N/A,N/A,N/A,,N/A,underperform
84,2004-08-16 22:53:27,1092668007.0,ace,39.1,0.0,1079.34,0.0,0.0,N/A,N/A,N/A,N/A,N/A,N/A,N/A,N/A,N/A,N/A,N/A,N/A,N/A,N/A,N/A,N/A,N/A,N/A,N/A,N/A,N/A,N/A,N/A,N/A,N/A,N/A,N/A,N/A,N/A,N/A,N/A,N/A,N/A,N/A,,N/A,underperform
85,2004-10-10 11:27:42,1097378862.0,ace,41.04,4.961636828644496,1130.65,4.753831044897824,0.20780578374667158,N/A,N/A,N/A,N/A,N/A,N/A,N/A,N/A,N/A,N/A,N/A,N/A,N/A,N/A,N/A,N/A,N/A,N/A,N/A,N/A,N/A,N/A,N/A,N/A,N/A,N/A,N/A,N/A,N/A,N/A,N/A,N/A,N/A,N/A,,N/A,outperform
86,2005-01-13 13:27:29,1105594049.0,ace,42.76,4.191033138401556,1177.45,4.139211957723429,0.05182118067812702,N/A,N/A,N/A,N/A,N/A,N/A,N/A,N/A,N/A,N/A,N/A,N/A,N/A,N/A,N/A,N/A,N/A,N/A,N/A,N/A,N/A,N/A,N/A,N/A,N/A,N/A,N/A,N/A,N/A,N/A,N/A,N/A,N/A,N/A,,N/A,outperform
87,2007-02-20 18:32:05,1171967525.0,ace,58.6,37.043966323666986,1459.68,23.969595311902843,13.074371011764143,N/A,N/A,N/A,N/A,N/A,N/A,N/A,N/A,N/A,N/A,N/A,N/A,N/A,N/A,N/A,N/A,N/A,N/A,N/A,N/A,N/A,N/A,N/A,N/A,N/A,N/A,N/A,N/A,N/A,N/A,N/A,N/A,N/A,N/A,,N/A,outperform
88,2007-04-05 15:54:06,1175759646.0,ace,57.24,-2.3208191126279853,1443.76,-1.0906500054806583,-1.230169107147327,N/A,N/A,N/A,N/A,N/A,N/A,N/A,N/A,N/A,N/A,N/A,N/A,N/A,N/A,N/A,N/A,N/A,N/A,N/A,N/A,N/A,N/A,N/A,N/A,N/A,N/A,N/A,N/A,N/A,N/A,N/A,N/A,N/A,N/A,,N/A,underperform
89,2008-01-23 21:48:58,1201096138.0,ace,59.98,4.786862334032136,1338.6,-7.283759073530232,12.070621407562369,N/A,N/A,N/A,N/A,N/A,N/A,N/A,N/A,N/A,N/A,N/A,N/A,N/A,N/A,N/A,N/A,N/A,N/A,N/A,N/A,N/A,N/A,N/A,N/A,N/A,N/A,N/A,N/A,N/A,N/A,N/A,N/A,N/A,N/A,,N/A,outperform
90,2003-12-15 23:12:24,1071501144.0,aci,30.78,0.0,1068.04,0.0,0.0,N/A,N/A,N/A,N/A,N/A,N/A,N/A,N/A,N/A,N/A,N/A,N/A,N/A,N/A,N/A,N/A,N/A,N/A,N/A,N/A,N/A,N/A,N/A,N/A,N/A,N/A,N/A,N/A,N/A,N/A,N/A,N/A,N/A,N/A,,N/A,underperform
91,2005-01-24 04:33:07,1106512387.0,aci,34.52,12.150747238466543,1163.75,8.96127485861953,3.189472379847013,N/A,N/A,N/A,N/A,N/A,N/A,N/A,N/A,N/A,N/A,N/A,N/A,N/A,N/A,N/A,N/A,N/A,N/A,N/A,N/A,N/A,N/A,N/A,N/A,N/A,N/A,N/A,N/A,N/A,N/A,N/A,N/A,N/A,N/A,,N/A,outperform
92,2005-02-05 03:36:51,1107545811.0,aci,38.4,11.239860950173798,1193.19,2.5297529538131087,8.710107996360689,N/A,N/A,N/A,N/A,N/A,N/A,N/A,N/A,N/A,N/A,N/A,N/A,N/A,N/A,N/A,N/A,N/A,N/A,N/A,N/A,N/A,N/A,N/A,N/A,N/A,N/A,N/A,N/A,N/A,N/A,N/A,N/A,N/A,N/A,,N/A,outperform
93,2005-03-30 06:50:28,1112136628.0,aci,41.15,7.161458333333334,1181.41,-0.9872694206287324,8.148727753962067,N/A,N/A,N/A,N/A,N/A,N/A,N/A,N/A,N/A,N/A,N/A,N/A,N/A,N/A,N/A,N/A,N/A,N/A,N/A,N/A,N/A,N/A,N/A,N/A,N/A,N/A,N/A,N/A,N/A,N/A,N/A,N/A,N/A,N/A,,N/A,outperform
94,2006-05-24 04:17:01,1148415421.0,aci,46.39,12.733900364520053,1258.57,6.531178845616665,6.202721518903388,N/A,N/A,N/A,N/A,N/A,N/A,N/A,N/A,N/A,N/A,N/A,N/A,N/A,N/A,N/A,N/A,N/A,N/A,N/A,N/A,N/A,N/A,N/A,N/A,N/A,N/A,N/A,N/A,N/A,N/A,N/A,N/A,N/A,N/A,,N/A,outperform
95,2007-03-11 21:41:07,1173620467.0,aci,30.08,-35.158439318818715,1401.89,11.387527114105705,-46.545966432924416,N/A,N/A,N/A,N/A,N/A,N/A,N/A,N/A,N/A,N/A,N/A,N/A,N/A,N/A,N/A,N/A,N/A,N/A,N/A,N/A,N/A,N/A,N/A,N/A,N/A,N/A,N/A,N/A,N/A,N/A,N/A,N/A,N/A,N/A,,N/A,underperform
96,2007-04-07 18:52:27,1175943147.0,aci,33.93,12.799202127659578,1439.37,2.673533586800661,10.125668540858918,N/A,N/A,N/A,N/A,N/A,N/A,N/A,N/A,N/A,N/A,N/A,N/A,N/A,N/A,N/A,N/A,N/A,N/A,N/A,N/A,N/A,N/A,N/A,N/A,N/A,N/A,N/A,N/A,N/A,N/A,N/A,N/A,N/A,N/A,,N/A,outperform
97,2008-03-02 17:50:27,1204451427.0,aci,51.09,50.574712643678176,1367.68,-4.980651257147213,55.55536390082539,N/A,N/A,N/A,N/A,N/A,N/A,N/A,N/A,N/A,N/A,N/A,N/A,N/A,N/A,N/A,N/A,N/A,N/A,N/A,N/A,N/A,N/A,N/A,N/A,N/A,N/A,N/A,N/A,N/A,N/A,N/A,N/A,N/A,N/A,,N/A,outperform
98,2008-06-05 02:23:56,1212603836.0,aci,67.52,32.15893521237031,1404.05,2.65924777725783,29.49968743511248,N/A,N/A,N/A,N/A,N/A,N/A,N/A,N/A,N/A,N/A,N/A,N/A,N/A,N/A,N/A,N/A,N/A,N/A,N/A,N/A,N/A,N/A,N/A,N/A,N/A,N/A,N/A,N/A,N/A,N/A,N/A,N/A,N/A,N/A,,N/A,outperform
99,2008-10-08 20:51:28,1223470288.0,aci,25.11,-62.811018957345965,984.94,-29.850076564224914,-32.96094239312105,N/A,N/A,N/A,N/A,N/A,N/A,N/A,N/A,N/A,N/A,N/A,N/A,N/A,N/A,N/A,N/A,N/A,N/A,N/A,N/A,N/A,N/A,N/A,N/A,N/A,N/A,N/A,N/A,N/A,N/A,N/A,N/A,N/A,N/A,,N/A,underperform
100,2008-12-05 05:35:57,1228426557.0,aci,11.93,-52.48904818797292,876.07,-11.05346518569659,-41.43558300227633,N/A,N/A,N/A,N/A,N/A,N/A,N/A,N/A,N/A,N/A,N/A,N/A,N/A,N/A,N/A,N/A,N/A,N/A,N/A,N/A,N/A,N/A,N/A,N/A,N/A,N/A,N/A,N/A,N/A,N/A,N/A,N/A,N/A,N/A,,N/A,underperform
101,2003-11-08 10:24:47,1068258287.0,acn,25.05,0.0,1051.81,0.0,0.0,N/A,N/A,N/A,N/A,N/A,N/A,N/A,N/A,N/A,N/A,N/A,N/A,N/A,N/A,N/A,N/A,N/A,N/A,N/A,N/A,N/A,N/A,N/A,N/A,N/A,N/A,N/A,N/A,N/A,N/A,N/A,N/A,N/A,N/A,,N/A,underperform
102,2004-12-10 06:26:24,1102631184.0,acn,26.2,4.590818363273447,1188.0,12.948156035785937,-8.35733767251249,N/A,N/A,N/A,N/A,N/A,N/A,N/A,N/A,N/A,N/A,N/A,N/A,N/A,N/A,N/A,N/A,N/A,N/A,N/A,N/A,N/A,N/A,N/A,N/A,N/A,N/A,N/A,N/A,N/A,N/A,N/A,N/A,N/A,N/A,,N/A,underperform
103,2005-02-10 03:10:56,1107976256.0,acn,25.51,-2.6335877862595334,1197.01,0.7584175084175077,-3.392005294677041,N/A,N/A,N/A,N/A,N/A,N/A,N/A,N/A,N/A,N/A,N/A,N/A,N/A,N/A,N/A,N/A,N/A,N/A,N/A,N/A,N/A,N/A,N/A,N/A,N/A,N/A,N/A,N/A,N/A,N/A,N/A,N/A,N/A,N/A,,N/A,underperform
104,2005-04-04 05:07:40,1112562460.0,acn,24.44,-4.194433555468445,1176.12,-1.7451817445134208,-2.449251810955024,N/A,N/A,N/A,N/A,N/A,N/A,N/A,N/A,N/A,N/A,N/A,N/A,N/A,N/A,N/A,N/A,N/A,N/A,N/A,N/A,N/A,N/A,N/A,N/A,N/A,N/A,N/A,N/A,N/A,N/A,N/A,N/A,N/A,N/A,,N/A,underperform
105,2005-09-04 02:06:58,1125770818.0,acn,25.31,3.559738134206208,1221.59,3.8661020984253334,-0.30636396421912515,N/A,N/A,N/A,N/A,N/A,N/A,N/A,N/A,N/A,N/A,N/A,N/A,N/A,N/A,N/A,N/A,N/A,N/A,N/A,N/A,N/A,N/A,N/A,N/A,N/A,N/A,N/A,N/A,N/A,N/A,N/A,N/A,N/A,N/A,,N/A,underperform
106,2006-06-03 23:44:14,1149349454.0,acn,27.89,10.193599367838807,1270.09,3.970235512733405,6.2233638551054025,N/A,N/A,N/A,N/A,N/A,N/A,N/A,N/A,N/A,N/A,N/A,N/A,N/A,N/A,N/A,N/A,N/A,N/A,N/A,N/A,N/A,N/A,N/A,N/A,N/A,N/A,N/A,N/A,N/A,N/A,N/A,N/A,N/A,N/A,,N/A,outperform
107,2006-08-22 00:50:41,1156179041.0,acn,28.57,2.4381498745069905,1298.82,2.2620444220488327,0.17610545245815779,N/A,N/A,N/A,N/A,N/A,N/A,N/A,N/A,N/A,N/A,N/A,N/A,N/A,N/A,N/A,N/A,N/A,N/A,N/A,N/A,N/A,N/A,N/A,N/A,N/A,N/A,N/A,N/A,N/A,N/A,N/A,N/A,N/A,N/A,,N/A,outperform
108,2006-08-22 06:44:05,1156200245.0,acn,28.57,0.0,1298.82,0.0,0.0,N/A,N/A,N/A,N/A,N/A,N/A,N/A,N/A,N/A,N/A,N/A,N/A,N/A,N/A,N/A,N/A,N/A,N/A,N/A,N/A,N/A,N/A,N/A,N/A,N/A,N/A,N/A,N/A,N/A,N/A,N/A,N/A,N/A,N/A,,N/A,underperform
109,2006-08-27 03:22:58,1156620178.0,acn,28.36,-0.7350367518375949,1296.06,-0.21250057744722065,-0.5225361743903743,N/A,N/A,N/A,N/A,N/A,N/A,N/A,N/A,N/A,N/A,N/A,N/A,N/A,N/A,N/A,N/A,N/A,N/A,N/A,N/A,N/A,N/A,N/A,N/A,N/A,N/A,N/A,N/A,N/A,N/A,N/A,N/A,N/A,N/A,,N/A,underperform
110,2006-11-02 16:40:55,1162456855.0,acn,32.96,16.220028208744715,1367.34,5.499745382158232,10.720282826586484,N/A,N/A,N/A,N/A,N/A,N/A,N/A,N/A,N/A,N/A,N/A,N/A,N/A,N/A,N/A,N/A,N/A,N/A,N/A,N/A,N/A,N/A,N/A,N/A,N/A,N/A,N/A,N/A,N/A,N/A,N/A,N/A,N/A,N/A,,N/A,outperform
111,2006-11-11 01:01:42,1163178102.0,acn,33.87,2.760922330097077,1385.72,1.344215776617382,1.4167065534796952,N/A,N/A,N/A,N/A,N/A,N/A,N/A,N/A,N/A,N/A,N/A,N/A,N/A,N/A,N/A,N/A,N/A,N/A,N/A,N/A,N/A,N/A,N/A,N/A,N/A,N/A,N/A,N/A,N/A,N/A,N/A,N/A,N/A,N/A,,N/A,outperform
112,2006-12-03 00:17:12,1165076232.0,acn,33.81,-0.17714791851194323,1400.63,1.0759749444332247,-1.253122862945168,N/A,N/A,N/A,N/A,N/A,N/A,N/A,N/A,N/A,N/A,N/A,N/A,N/A,N/A,N/A,N/A,N/A,N/A,N/A,N/A,N/A,N/A,N/A,N/A,N/A,N/A,N/A,N/A,N/A,N/A,N/A,N/A,N/A,N/A,,N/A,underperform
113,2007-03-14 19:10:39,1173870639.0,acn,35.39,4.673173617272991,1387.17,-0.9609961231731461,5.634169740446137,N/A,N/A,N/A,N/A,N/A,N/A,N/A,N/A,N/A,N/A,N/A,N/A,N/A,N/A,N/A,N/A,N/A,N/A,N/A,N/A,N/A,N/A,N/A,N/A,N/A,N/A,N/A,N/A,N/A,N/A,N/A,N/A,N/A,N/A,,N/A,outperform
114,2007-05-05 07:47:14,1178322434.0,acn,39.1,10.483187341056798,1495.92,7.839702415709682,2.643484925347116,N/A,N/A,N/A,N/A,N/A,N/A,N/A,N/A,N/A,N/A,N/A,N/A,N/A,N/A,N/A,N/A,N/A,N/A,N/A,N/A,N/A,N/A,N/A,N/A,N/A,N/A,N/A,N/A,N/A,N/A,N/A,N/A,N/A,N/A,,N/A,outperform
115,2007-06-05 04:17:34,1180988254.0,acn,41.24,5.473145780051152,1530.95,2.3417027648537334,3.131443015197419,N/A,N/A,N/A,N/A,N/A,N/A,N/A,N/A,N/A,N/A,N/A,N/A,N/A,N/A,N/A,N/A,N/A,N/A,N/A,N/A,N/A,N/A,N/A,N/A,N/A,N/A,N/A,N/A,N/A,N/A,N/A,N/A,N/A,N/A,,N/A,outperform
116,2007-07-06 07:06:36,1183676796.0,acn,42.81,3.8069835111542196,1530.44,-0.0333126490087848,3.8402961601630046,N/A,N/A,N/A,N/A,N/A,N/A,N/A,N/A,N/A,N/A,N/A,N/A,N/A,N/A,N/A,N/A,N/A,N/A,N/A,N/A,N/A,N/A,N/A,N/A,N/A,N/A,N/A,N/A,N/A,N/A,N/A,N/A,N/A,N/A,,N/A,outperform
117,2008-04-07 01:42:51,1207503771.0,acn,36.77,-14.108853071712213,1372.54,-10.317294372860097,-3.791558698852116,N/A,N/A,N/A,N/A,N/A,N/A,N/A,N/A,N/A,N/A,N/A,N/A,N/A,N/A,N/A,N/A,N/A,N/A,N/A,N/A,N/A,N/A,N/A,N/A,N/A,N/A,N/A,N/A,N/A,N/A,N/A,N/A,N/A,N/A,,N/A,underperform
118,2008-10-18 23:21:07,1224343267.0,acn,31.4,-14.604296981234713,907.84,-33.85693677415594,19.25263979292123,N/A,N/A,N/A,N/A,N/A,N/A,N/A,N/A,N/A,N/A,N/A,N/A,N/A,N/A,N/A,N/A,N/A,N/A,N/A,N/A,N/A,N/A,N/A,N/A,N/A,N/A,N/A,N/A,N/A,N/A,N/A,N/A,N/A,N/A,,N/A,outperform
119,2008-12-02 16:28:13,1228206493.0,acn,29.98,-4.522292993630567,848.81,-6.502247091998599,1.9799540983680313,N/A,N/A,N/A,N/A,N/A,N/A,N/A,N/A,N/A,N/A,N/A,N/A,N/A,N/A,N/A,N/A,N/A,N/A,N/A,N/A,N/A,N/A,N/A,N/A,N/A,N/A,N/A,N/A,N/A,N/A,N/A,N/A,N/A,N/A,,N/A,outperform
120,2008-12-21 20:10:46,1229861446.0,acn,32.21,7.438292194796532,885.28,4.296603480166354,3.1416887146301784,N/A,N/A,N/A,N/A,N/A,N/A,N/A,N/A,N/A,N/A,N/A,N/A,N/A,N/A,N/A,N/A,N/A,N/A,N/A,N/A,N/A,N/A,N/A,N/A,N/A,N/A,N/A,N/A,N/A,N/A,N/A,N/A,N/A,N/A,,N/A,outperform
121,2004-01-25 05:32:05,1074979925.0,adbe,38.04,0.0,1143.94,0.0,0.0,N/A,N/A,N/A,N/A,N/A,N/A,N/A,N/A,N/A,N/A,N/A,N/A,N/A,N/A,N/A,N/A,N/A,N/A,N/A,N/A,N/A,N/A,N/A,N/A,N/A,N/A,N/A,N/A,N/A,N/A,N/A,N/A,N/A,N/A,,N/A,underperform
122,2004-08-21 23:10:00,1093101000.0,adbe,46.09,21.16193480546794,1095.17,-4.2633354896235796,25.42527029509152,N/A,N/A,N/A,N/A,N/A,N/A,N/A,N/A,N/A,N/A,N/A,N/A,N/A,N/A,N/A,N/A,N/A,N/A,N/A,N/A,N/A,N/A,N/A,N/A,N/A,N/A,N/A,N/A,N/A,N/A,N/A,N/A,N/A,N/A,,N/A,outperform
123,2004-11-12 17:19:37,1100251177.0,adbe,58.1,26.057713169884998,1184.17,8.126592218559676,17.931120951325322,N/A,N/A,N/A,N/A,N/A,N/A,N/A,N/A,N/A,N/A,N/A,N/A,N/A,N/A,N/A,N/A,N/A,N/A,N/A,N/A,N/A,N/A,N/A,N/A,N/A,N/A,N/A,N/A,N/A,N/A,N/A,N/A,N/A,N/A,,N/A,outperform
124,2005-02-07 16:20:07,1107764407.0,adbe,63.67,9.586919104991393,1201.72,1.4820507190690486,8.104868385922344,N/A,N/A,N/A,N/A,N/A,N/A,N/A,N/A,N/A,N/A,N/A,N/A,N/A,N/A,N/A,N/A,N/A,N/A,N/A,N/A,N/A,N/A,N/A,N/A,N/A,N/A,N/A,N/A,N/A,N/A,N/A,N/A,N/A,N/A,,N/A,outperform
125,2005-04-05 04:12:22,1112645542.0,adbe,66.58,4.57044133814983,1181.39,-1.691741836700723,6.262183174850553,N/A,N/A,N/A,N/A,N/A,N/A,N/A,N/A,N/A,N/A,N/A,N/A,N/A,N/A,N/A,N/A,N/A,N/A,N/A,N/A,N/A,N/A,N/A,N/A,N/A,N/A,N/A,N/A,N/A,N/A,N/A,N/A,N/A,N/A,,N/A,outperform
126,2005-08-31 10:51:30,1125456690.0,adbe,27.12,-59.26704716130969,1220.33,3.296117285570373,-62.563164446880066,N/A,N/A,N/A,N/A,N/A,N/A,N/A,N/A,N/A,N/A,N/A,N/A,N/A,N/A,N/A,N/A,N/A,N/A,N/A,N/A,N/A,N/A,N/A,N/A,N/A,N/A,N/A,N/A,N/A,N/A,N/A,N/A,N/A,N/A,,N/A,underperform
127,2006-02-21 13:18:21,1140499101.0,adbe,37.8,39.380530973451314,1283.03,5.137954487720538,34.24257648573078,N/A,N/A,N/A,N/A,N/A,N/A,N/A,N/A,N/A,N/A,N/A,N/A,N/A,N/A,N/A,N/A,N/A,N/A,N/A,N/A,N/A,N/A,N/A,N/A,N/A,N/A,N/A,N/A,N/A,N/A,N/A,N/A,N/A,N/A,,N/A,outperform
128,2006-04-07 10:36:37,1144377397.0,adbe,36.1,-4.497354497354487,1295.5,0.9719180377699685,-5.469272535124455,N/A,N/A,N/A,N/A,N/A,N/A,N/A,N/A,N/A,N/A,N/A,N/A,N/A,N/A,N/A,N/A,N/A,N/A,N/A,N/A,N/A,N/A,N/A,N/A,N/A,N/A,N/A,N/A,N/A,N/A,N/A,N/A,N/A,N/A,,N/A,underperform
129,2006-06-23 19:31:40,1151062300.0,adbe,30.5,-15.512465373961223,1244.5,-3.936703975299112,-11.575761398662111,N/A,N/A,N/A,N/A,N/A,N/A,N/A,N/A,N/A,N/A,N/A,N/A,N/A,N/A,N/A,N/A,N/A,N/A,N/A,N/A,N/A,N/A,N/A,N/A,N/A,N/A,N/A,N/A,N/A,N/A,N/A,N/A,N/A,N/A,,N/A,underperform
130,2006-11-28 09:44:25,1164678265.0,adbe,40.22,31.868852459016388,1386.72,11.427882683808761,20.440969775207627,N/A,N/A,N/A,N/A,N/A,N/A,N/A,N/A,N/A,N/A,N/A,N/A,N/A,N/A,N/A,N/A,N/A,N/A,N/A,N/A,N/A,N/A,N/A,N/A,N/A,N/A,N/A,N/A,N/A,N/A,N/A,N/A,N/A,N/A,,N/A,outperform
131,2007-01-27 16:50:33,1169887833.0,adbe,39.26,-2.386872202884139,1440.13,3.851534556363222,-6.238406759247361,N/A,N/A,N/A,N/A,N/A,N/A,N/A,N/A,N/A,N/A,N/A,N/A,N/A,N/A,N/A,N/A,N/A,N/A,N/A,N/A,N/A,N/A,N/A,N/A,N/A,N/A,N/A,N/A,N/A,N/A,N/A,N/A,N/A,N/A,,N/A,underperform
132,2007-03-09 02:36:54,1173379014.0,adbe,39.08,-0.4584819154355571,1402.84,-2.5893495726080413,2.1308676571724843,N/A,N/A,N/A,N/A,N/A,N/A,N/A,N/A,N/A,N/A,N/A,N/A,N/A,N/A,N/A,N/A,N/A,N/A,N/A,N/A,N/A,N/A,N/A,N/A,N/A,N/A,N/A,N/A,N/A,N/A,N/A,N/A,N/A,N/A,,N/A,outperform
133,2007-03-15 06:30:18,1173911418.0,adbe,39.3,0.5629477993858722,1392.28,-0.7527586895155502,1.3157064889014225,N/A,N/A,N/A,N/A,N/A,N/A,N/A,N/A,N/A,N/A,N/A,N/A,N/A,N/A,N/A,N/A,N/A,N/A,N/A,N/A,N/A,N/A,N/A,N/A,N/A,N/A,N/A,N/A,N/A,N/A,N/A,N/A,N/A,N/A,,N/A,outperform
134,2007-03-28 17:43:54,1175075034.0,adbe,42.14,7.226463104325709,1417.23,1.7920245927543341,5.434438511571375,N/A,N/A,N/A,N/A,N/A,N/A,N/A,N/A,N/A,N/A,N/A,N/A,N/A,N/A,N/A,N/A,N/A,N/A,N/A,N/A,N/A,N/A,N/A,N/A,N/A,N/A,N/A,N/A,N/A,N/A,N/A,N/A,N/A,N/A,,N/A,outperform
135,2007-04-29 08:01:44,1177804904.0,adbe,42.89,1.779781680113906,1494.25,5.434544851576666,-3.65476317146276,N/A,N/A,N/A,N/A,N/A,N/A,N/A,N/A,N/A,N/A,N/A,N/A,N/A,N/A,N/A,N/A,N/A,N/A,N/A,N/A,N/A,N/A,N/A,N/A,N/A,N/A,N/A,N/A,N/A,N/A,N/A,N/A,N/A,N/A,,N/A,underperform
136,2007-04-30 09:07:29,1177895249.0,adbe,42.89,0.0,1482.37,-0.7950476827840126,0.7950476827840126,N/A,N/A,N/A,N/A,N/A,N/A,N/A,N/A,N/A,N/A,N/A,N/A,N/A,N/A,N/A,N/A,N/A,N/A,N/A,N/A,N/A,N/A,N/A,N/A,N/A,N/A,N/A,N/A,N/A,N/A,N/A,N/A,N/A,N/A,,N/A,outperform
137,2007-05-01 10:38:04,1177987084.0,adbe,41.56,-3.100955933784095,1486.3,0.2651159966809949,-3.3660719304650897,N/A,N/A,N/A,N/A,N/A,N/A,N/A,N/A,N/A,N/A,N/A,N/A,N/A,N/A,N/A,N/A,N/A,N/A,N/A,N/A,N/A,N/A,N/A,N/A,N/A,N/A,N/A,N/A,N/A,N/A,N/A,N/A,N/A,N/A,,N/A,underperform
138,2007-05-30 21:47:54,1180532874.0,adbe,43.22,3.994225216554371,1530.23,2.955661710287295,1.0385635062670762,N/A,N/A,N/A,N/A,N/A,N/A,N/A,N/A,N/A,N/A,N/A,N/A,N/A,N/A,N/A,N/A,N/A,N/A,N/A,N/A,N/A,N/A,N/A,N/A,N/A,N/A,N/A,N/A,N/A,N/A,N/A,N/A,N/A,N/A,,N/A,outperform
139,2007-05-31 04:45:00,1180557900.0,adbe,43.22,0.0,1530.62,0.02548636479482644,-0.02548636479482644,N/A,N/A,N/A,N/A,N/A,N/A,N/A,N/A,N/A,N/A,N/A,N/A,N/A,N/A,N/A,N/A,N/A,N/A,N/A,N/A,N/A,N/A,N/A,N/A,N/A,N/A,N/A,N/A,N/A,N/A,N/A,N/A,N/A,N/A,,N/A,underperform
140,2007-06-30 20:56:00,1183208160.0,adbe,40.15,-7.103192966219344,1506.34,-1.586285296154498,-5.516907670064846,N/A,N/A,N/A,N/A,N/A,N/A,N/A,N/A,N/A,N/A,N/A,N/A,N/A,N/A,N/A,N/A,N/A,N/A,N/A,N/A,N/A,N/A,N/A,N/A,N/A,N/A,N/A,N/A,N/A,N/A,N/A,N/A,N/A,N/A,,N/A,underperform
141,2007-10-18 06:04:41,1192658681.0,adbe,45.97,14.495641344956415,1540.08,2.239866165673089,12.255775179283326,N/A,N/A,N/A,N/A,N/A,N/A,N/A,N/A,N/A,N/A,N/A,N/A,N/A,N/A,N/A,N/A,N/A,N/A,N/A,N/A,N/A,N/A,N/A,N/A,N/A,N/A,N/A,N/A,N/A,N/A,N/A,N/A,N/A,N/A,,N/A,outperform
142,2008-01-23 23:45:57,1201103157.0,adbe,34.33,-25.320861431368286,1338.6,-13.082437275985665,-12.23842415538262,N/A,N/A,N/A,N/A,N/A,N/A,N/A,N/A,N/A,N/A,N/A,N/A,N/A,N/A,N/A,N/A,N/A,N/A,N/A,N/A,N/A,N/A,N/A,N/A,N/A,N/A,N/A,N/A,N/A,N/A,N/A,N/A,N/A,N/A,,N/A,underperform
143,2008-12-04 14:30:57,1228372257.0,adbe,22.54,-34.343140110690356,845.22,-36.857911250560285,2.5147711398699286,N/A,N/A,N/A,N/A,N/A,N/A,N/A,N/A,N/A,N/A,N/A,N/A,N/A,N/A,N/A,N/A,N/A,N/A,N/A,N/A,N/A,N/A,N/A,N/A,N/A,N/A,N/A,N/A,N/A,N/A,N/A,N/A,N/A,N/A,,N/A,outperform
144,2008-12-05 00:15:55,1228407355.0,adbe,20.44,-9.316770186335395,876.07,3.6499372944322213,-12.966707480767617,N/A,N/A,N/A,N/A,N/A,N/A,N/A,N/A,N/A,N/A,N/A,N/A,N/A,N/A,N/A,N/A,N/A,N/A,N/A,N/A,N/A,N/A,N/A,N/A,N/A,N/A,N/A,N/A,N/A,N/A,N/A,N/A,N/A,N/A,,N/A,underperform
145,2008-12-17 11:42:55,1229485375.0,adbe,22.32,9.197651663405082,904.42,3.2360427819694673,5.961608881435615,N/A,N/A,N/A,N/A,N/A,N/A,N/A,N/A,N/A,N/A,N/A,N/A,N/A,N/A,N/A,N/A,N/A,N/A,N/A,N/A,N/A,N/A,N/A,N/A,N/A,N/A,N/A,N/A,N/A,N/A,N/A,N/A,N/A,N/A,,N/A,outperform
146,2008-12-20 21:49:14,1229780954.0,adbe,22.13,-0.8512544802867441,904.42,0.0,-0.8512544802867441,N/A,N/A,N/A,N/A,N/A,N/A,N/A,N/A,N/A,N/A,N/A,N/A,N/A,N/A,N/A,N/A,N/A,N/A,N/A,N/A,N/A,N/A,N/A,N/A,N/A,N/A,N/A,N/A,N/A,N/A,N/A,N/A,N/A,N/A,,N/A,underperform
147,2004-01-20 06:29:18,1074551358.0,adi,50.5,0.0,1138.77,0.0,0.0,N/A,N/A,N/A,N/A,N/A,N/A,N/A,N/A,N/A,N/A,N/A,N/A,N/A,N/A,N/A,N/A,N/A,N/A,N/A,N/A,N/A,N/A,N/A,N/A,N/A,N/A,N/A,N/A,N/A,N/A,N/A,N/A,N/A,N/A,,N/A,underperform
148,2004-05-12 18:46:27,1084358787.0,adi,45.04,-10.811881188118813,1097.28,-3.643404726151902,-7.168476461966911,N/A,N/A,N/A,N/A,N/A,N/A,N/A,N/A,N/A,N/A,N/A,N/A,N/A,N/A,N/A,N/A,N/A,N/A,N/A,N/A,N/A,N/A,N/A,N/A,N/A,N/A,N/A,N/A,N/A,N/A,N/A,N/A,N/A,N/A,,N/A,underperform
149,2004-06-22 09:09:13,1087866553.0,adi,45.03,-0.022202486678503577,1134.41,3.3838218139399343,-3.406024300618438,N/A,N/A,N/A,N/A,N/A,N/A,N/A,N/A,N/A,N/A,N/A,N/A,N/A,N/A,N/A,N/A,N/A,N/A,N/A,N/A,N/A,N/A,N/A,N/A,N/A,N/A,N/A,N/A,N/A,N/A,N/A,N/A,N/A,N/A,,N/A,underperform
150,2004-08-10 02:07:28,1092074848.0,adi,35.92,-20.23095713968465,1079.04,-4.880951331529175,-15.350005808155476,N/A,N/A,N/A,N/A,N/A,N/A,N/A,N/A,N/A,N/A,N/A,N/A,N/A,N/A,N/A,N/A,N/A,N/A,N/A,N/A,N/A,N/A,N/A,N/A,N/A,N/A,N/A,N/A,N/A,N/A,N/A,N/A,N/A,N/A,,N/A,underperform
151,2004-11-11 09:56:15,1100138175.0,adi,38.5,7.182628062360797,1173.48,8.75222419928826,-1.5695961369274638,N/A,N/A,N/A,N/A,N/A,N/A,N/A,N/A,N/A,N/A,N/A,N/A,N/A,N/A,N/A,N/A,N/A,N/A,N/A,N/A,N/A,N/A,N/A,N/A,N/A,N/A,N/A,N/A,N/A,N/A,N/A,N/A,N/A,N/A,,N/A,underperform
152,2005-01-24 03:34:28,1106508868.0,adi,34.47,-10.46753246753247,1163.75,-0.8291577189214999,-9.63837474861097,N/A,N/A,N/A,N/A,N/A,N/A,N/A,N/A,N/A,N/A,N/A,N/A,N/A,N/A,N/A,N/A,N/A,N/A,N/A,N/A,N/A,N/A,N/A,N/A,N/A,N/A,N/A,N/A,N/A,N/A,N/A,N/A,N/A,N/A,,N/A,underperform
153,2005-03-17 01:05:45,1110992745.0,adi,35.92,4.206556425877583,1190.21,2.273684210526319,1.932872215351264,N/A,N/A,N/A,N/A,N/A,N/A,N/A,N/A,N/A,N/A,N/A,N/A,N/A,N/A,N/A,N/A,N/A,N/A,N/A,N/A,N/A,N/A,N/A,N/A,N/A,N/A,N/A,N/A,N/A,N/A,N/A,N/A,N/A,N/A,,N/A,outperform
154,2005-04-08 23:33:20,1112974400.0,adi,35.67,-0.6959910913140311,1181.2,-0.7570092672721612,0.06101817595813008,N/A,N/A,N/A,N/A,N/A,N/A,N/A,N/A,N/A,N/A,N/A,N/A,N/A,N/A,N/A,N/A,N/A,N/A,N/A,N/A,N/A,N/A,N/A,N/A,N/A,N/A,N/A,N/A,N/A,N/A,N/A,N/A,N/A,N/A,,N/A,outperform
155,2005-09-07 23:00:53,1126105253.0,adi,36.88,3.3922063358564647,1236.36,4.669827294276994,-1.277620958420529,N/A,N/A,N/A,N/A,N/A,N/A,N/A,N/A,N/A,N/A,N/A,N/A,N/A,N/A,N/A,N/A,N/A,N/A,N/A,N/A,N/A,N/A,N/A,N/A,N/A,N/A,N/A,N/A,N/A,N/A,N/A,N/A,N/A,N/A,,N/A,underperform
156,2005-10-31 08:19:48,1130717988.0,adi,34.61,-6.155097613882871,1207.01,-2.3739040408942307,-3.7811935729886406,N/A,N/A,N/A,N/A,N/A,N/A,N/A,N/A,N/A,N/A,N/A,N/A,N/A,N/A,N/A,N/A,N/A,N/A,N/A,N/A,N/A,N/A,N/A,N/A,N/A,N/A,N/A,N/A,N/A,N/A,N/A,N/A,N/A,N/A,,N/A,underperform
157,2006-12-06 22:26:10,1165415170.0,adi,33.57,-3.0049118751805812,1412.9,17.05785370460892,-20.062765579789502,N/A,N/A,N/A,N/A,N/A,N/A,N/A,N/A,N/A,N/A,N/A,N/A,N/A,N/A,N/A,N/A,N/A,N/A,N/A,N/A,N/A,N/A,N/A,N/A,N/A,N/A,N/A,N/A,N/A,N/A,N/A,N/A,N/A,N/A,,N/A,underperform
158,2007-02-20 18:32:29,1171967549.0,adi,32.97,-1.7873100983020596,1459.68,3.310920801189041,-5.098230899491101,N/A,N/A,N/A,N/A,N/A,N/A,N/A,N/A,N/A,N/A,N/A,N/A,N/A,N/A,N/A,N/A,N/A,N/A,N/A,N/A,N/A,N/A,N/A,N/A,N/A,N/A,N/A,N/A,N/A,N/A,N/A,N/A,N/A,N/A,,N/A,underperform
159,2007-04-05 11:21:28,1175743288.0,adi,35.37,7.27934485896269,1443.76,-1.0906500054806583,8.369994864443349,N/A,N/A,N/A,N/A,N/A,N/A,N/A,N/A,N/A,N/A,N/A,N/A,N/A,N/A,N/A,N/A,N/A,N/A,N/A,N/A,N/A,N/A,N/A,N/A,N/A,N/A,N/A,N/A,N/A,N/A,N/A,N/A,N/A,N/A,,N/A,outperform
160,2008-01-23 20:59:26,1201093166.0,adi,27.74,-21.571953633022332,1338.6,-7.283759073530232,-14.2881945594921,N/A,N/A,N/A,N/A,N/A,N/A,N/A,N/A,N/A,N/A,N/A,N/A,N/A,N/A,N/A,N/A,N/A,N/A,N/A,N/A,N/A,N/A,N/A,N/A,N/A,N/A,N/A,N/A,N/A,N/A,N/A,N/A,N/A,N/A,,N/A,underperform
161,2008-04-17 12:21:31,1208406091.0,adi,31.44,13.338139870223515,1365.56,2.0140445241296905,11.324095346093824,N/A,N/A,N/A,N/A,N/A,N/A,N/A,N/A,N/A,N/A,N/A,N/A,N/A,N/A,N/A,N/A,N/A,N/A,N/A,N/A,N/A,N/A,N/A,N/A,N/A,N/A,N/A,N/A,N/A,N/A,N/A,N/A,N/A,N/A,,N/A,outperform
162,2008-10-14 20:39:34,1223987974.0,adi,22.77,-27.5763358778626,998.01,-26.915697589267406,-0.6606382885951945,N/A,N/A,N/A,N/A,N/A,N/A,N/A,N/A,N/A,N/A,N/A,N/A,N/A,N/A,N/A,N/A,N/A,N/A,N/A,N/A,N/A,N/A,N/A,N/A,N/A,N/A,N/A,N/A,N/A,N/A,N/A,N/A,N/A,N/A,,N/A,underperform
163,2008-12-12 10:52:17,1229050337.0,adi,18.46,-18.928414580588488,879.73,-11.851584653460383,-7.076829927128104,N/A,N/A,N/A,N/A,N/A,N/A,N/A,N/A,N/A,N/A,N/A,N/A,N/A,N/A,N/A,N/A,N/A,N/A,N/A,N/A,N/A,N/A,N/A,N/A,N/A,N/A,N/A,N/A,N/A,N/A,N/A,N/A,N/A,N/A,,N/A,underperform
164,2008-12-18 00:52:29,1229532749.0,adi,19.68,6.608884073672799,885.28,0.6308753822195394,5.97800869145326,N/A,N/A,N/A,N/A,N/A,N/A,N/A,N/A,N/A,N/A,N/A,N/A,N/A,N/A,N/A,N/A,N/A,N/A,N/A,N/A,N/A,N/A,N/A,N/A,N/A,N/A,N/A,N/A,N/A,N/A,N/A,N/A,N/A,N/A,,N/A,outperform
165,2003-11-12 17:41:28,1068630088.0,adm,14.48,0.0,1058.53,0.0,0.0,N/A,N/A,N/A,N/A,N/A,N/A,N/A,N/A,N/A,N/A,N/A,N/A,N/A,N/A,N/A,N/A,N/A,N/A,N/A,N/A,N/A,N/A,N/A,N/A,N/A,N/A,N/A,N/A,N/A,N/A,N/A,N/A,N/A,N/A,,N/A,underperform
166,2004-01-31 04:11:22,1075493482.0,adm,15.66,8.149171270718229,1128.48,6.608220834553584,1.5409504361646453,N/A,N/A,N/A,N/A,N/A,N/A,N/A,N/A,N/A,N/A,N/A,N/A,N/A,N/A,N/A,N/A,N/A,N/A,N/A,N/A,N/A,N/A,N/A,N/A,N/A,N/A,N/A,N/A,N/A,N/A,N/A,N/A,N/A,N/A,,N/A,outperform
167,2004-04-14 16:44:25,1081932265.0,adm,16.81,7.343550446998713,1128.17,-0.02747057989507527,7.371021026893788,N/A,N/A,N/A,N/A,N/A,N/A,N/A,N/A,N/A,N/A,N/A,N/A,N/A,N/A,N/A,N/A,N/A,N/A,N/A,N/A,N/A,N/A,N/A,N/A,N/A,N/A,N/A,N/A,N/A,N/A,N/A,N/A,N/A,N/A,,N/A,outperform
168,2004-06-19 13:33:48,1087623228.0,adm,16.28,-3.1528851873884456,1133.56,0.47776487586089617,-3.630650063249342,N/A,N/A,N/A,N/A,N/A,N/A,N/A,N/A,N/A,N/A,N/A,N/A,N/A,N/A,N/A,N/A,N/A,N/A,N/A,N/A,N/A,N/A,N/A,N/A,N/A,N/A,N/A,N/A,N/A,N/A,N/A,N/A,N/A,N/A,,N/A,underperform
169,2004-11-30 07:08:52,1101769732.0,adm,21.23,30.4054054054054,1173.82,3.5516426126539393,26.85376279275146,N/A,N/A,N/A,N/A,N/A,N/A,N/A,N/A,N/A,N/A,N/A,N/A,N/A,N/A,N/A,N/A,N/A,N/A,N/A,N/A,N/A,N/A,N/A,N/A,N/A,N/A,N/A,N/A,N/A,N/A,N/A,N/A,N/A,N/A,,N/A,outperform
170,2005-01-26 00:58:06,1106672286.0,adm,22.65,6.688648139425332,1174.07,0.021297984358760288,6.667350155066572,N/A,N/A,N/A,N/A,N/A,N/A,N/A,N/A,N/A,N/A,N/A,N/A,N/A,N/A,N/A,N/A,N/A,N/A,N/A,N/A,N/A,N/A,N/A,N/A,N/A,N/A,N/A,N/A,N/A,N/A,N/A,N/A,N/A,N/A,,N/A,outperform
171,2005-02-08 21:21:16,1107868876.0,adm,23.71,4.67991169977926,1202.3,2.404456293066003,2.275455406713257,N/A,N/A,N/A,N/A,N/A,N/A,N/A,N/A,N/A,N/A,N/A,N/A,N/A,N/A,N/A,N/A,N/A,N/A,N/A,N/A,N/A,N/A,N/A,N/A,N/A,N/A,N/A,N/A,N/A,N/A,N/A,N/A,N/A,N/A,,N/A,outperform
172,2005-02-14 20:39:46,1108384786.0,adm,24.5,3.3319274567692916,1206.14,0.3193878399733964,3.012539616795895,N/A,N/A,N/A,N/A,N/A,N/A,N/A,N/A,N/A,N/A,N/A,N/A,N/A,N/A,N/A,N/A,N/A,N/A,N/A,N/A,N/A,N/A,N/A,N/A,N/A,N/A,N/A,N/A,N/A,N/A,N/A,N/A,N/A,N/A,,N/A,outperform
173,2006-04-06 18:53:48,1144320828.0,adm,37.05,51.22448979591836,1309.04,8.531347936392116,42.69314185952624,N/A,N/A,N/A,N/A,N/A,N/A,N/A,N/A,N/A,N/A,N/A,N/A,N/A,N/A,N/A,N/A,N/A,N/A,N/A,N/A,N/A,N/A,N/A,N/A,N/A,N/A,N/A,N/A,N/A,N/A,N/A,N/A,N/A,N/A,,N/A,outperform
174,2006-04-07 06:53:49,1144364029.0,adm,36.92,-0.35087719298244385,1295.5,-1.0343457801136684,0.6834685871312245,N/A,N/A,N/A,N/A,N/A,N/A,N/A,N/A,N/A,N/A,N/A,N/A,N/A,N/A,N/A,N/A,N/A,N/A,N/A,N/A,N/A,N/A,N/A,N/A,N/A,N/A,N/A,N/A,N/A,N/A,N/A,N/A,N/A,N/A,,N/A,outperform
175,2006-04-12 00:58:21,1144774701.0,adm,36.55,-1.002166847237282,1288.12,-0.5696642223079976,-0.4325026249292844,N/A,N/A,N/A,N/A,N/A,N/A,N/A,N/A,N/A,N/A,N/A,N/A,N/A,N/A,N/A,N/A,N/A,N/A,N/A,N/A,N/A,N/A,N/A,N/A,N/A,N/A,N/A,N/A,N/A,N/A,N/A,N/A,N/A,N/A,,N/A,underperform
176,2006-04-22 19:30:52,1145705452.0,adm,37.86,3.5841313269493904,1309.93,1.6931652330528346,1.8909660938965558,N/A,N/A,N/A,N/A,N/A,N/A,N/A,N/A,N/A,N/A,N/A,N/A,N/A,N/A,N/A,N/A,N/A,N/A,N/A,N/A,N/A,N/A,N/A,N/A,N/A,N/A,N/A,N/A,N/A,N/A,N/A,N/A,N/A,N/A,,N/A,outperform
177,2006-04-23 14:17:44,1145773064.0,adm,37.86,0.0,1311.46,0.1168001343583224,-0.1168001343583224,N/A,N/A,N/A,N/A,N/A,N/A,N/A,N/A,N/A,N/A,N/A,N/A,N/A,N/A,N/A,N/A,N/A,N/A,N/A,N/A,N/A,N/A,N/A,N/A,N/A,N/A,N/A,N/A,N/A,N/A,N/A,N/A,N/A,N/A,,N/A,underperform
178,2006-04-24 19:49:42,1145879382.0,adm,38.45,1.5583729529846895,1308.11,-0.25544050142590213,1.8138134544105915,N/A,N/A,N/A,N/A,N/A,N/A,N/A,N/A,N/A,N/A,N/A,N/A,N/A,N/A,N/A,N/A,N/A,N/A,N/A,N/A,N/A,N/A,N/A,N/A,N/A,N/A,N/A,N/A,N/A,N/A,N/A,N/A,N/A,N/A,,N/A,outperform
179,2006-04-28 06:30:41,1146177041.0,adm,36.19,-5.877763328998713,1310.61,0.1911154260727309,-6.068878755071443,N/A,N/A,N/A,N/A,N/A,N/A,N/A,N/A,N/A,N/A,N/A,N/A,N/A,N/A,N/A,N/A,N/A,N/A,N/A,N/A,N/A,N/A,N/A,N/A,N/A,N/A,N/A,N/A,N/A,N/A,N/A,N/A,N/A,N/A,,N/A,underperform
180,2006-05-16 14:27:00,1147760820.0,adm,43.1,19.09367228516166,1292.08,-1.413845461273756,20.507517746435415,N/A,N/A,N/A,N/A,N/A,N/A,N/A,N/A,N/A,N/A,N/A,N/A,N/A,N/A,N/A,N/A,N/A,N/A,N/A,N/A,N/A,N/A,N/A,N/A,N/A,N/A,N/A,N/A,N/A,N/A,N/A,N/A,N/A,N/A,,N/A,outperform
181,2007-02-20 08:05:08,1171929908.0,adm,35.88,-16.751740139211133,1459.68,12.971333044393546,-29.72307318360468,N/A,N/A,N/A,N/A,N/A,N/A,N/A,N/A,N/A,N/A,N/A,N/A,N/A,N/A,N/A,N/A,N/A,N/A,N/A,N/A,N/A,N/A,N/A,N/A,N/A,N/A,N/A,N/A,N/A,N/A,N/A,N/A,N/A,N/A,,N/A,underperform
182,2007-03-07 08:11:55,1173226315.0,adm,32.96,-8.138238573021187,1391.97,-4.638687931601449,-3.499550641419738,N/A,N/A,N/A,N/A,N/A,N/A,N/A,N/A,N/A,N/A,N/A,N/A,N/A,N/A,N/A,N/A,N/A,N/A,N/A,N/A,N/A,N/A,N/A,N/A,N/A,N/A,N/A,N/A,N/A,N/A,N/A,N/A,N/A,N/A,,N/A,underperform
183,2007-04-09 12:40:37,1176093637.0,adm,37.02,12.317961165048551,1444.61,3.781690697356974,8.536270467691576,N/A,N/A,N/A,N/A,N/A,N/A,N/A,N/A,N/A,N/A,N/A,N/A,N/A,N/A,N/A,N/A,N/A,N/A,N/A,N/A,N/A,N/A,N/A,N/A,N/A,N/A,N/A,N/A,N/A,N/A,N/A,N/A,N/A,N/A,,N/A,outperform
184,2007-06-18 03:24:32,1182108272.0,adm,34.57,-6.618044300378181,1531.05,5.9836218771848495,-12.60166617756303,N/A,N/A,N/A,N/A,N/A,N/A,N/A,N/A,N/A,N/A,N/A,N/A,N/A,N/A,N/A,N/A,N/A,N/A,N/A,N/A,N/A,N/A,N/A,N/A,N/A,N/A,N/A,N/A,N/A,N/A,N/A,N/A,N/A,N/A,,N/A,underperform
185,2007-06-19 05:10:54,1182201054.0,adm,34.75,0.5206826728377197,1533.7,0.173083831357571,0.34759884148014875,N/A,N/A,N/A,N/A,N/A,N/A,N/A,N/A,N/A,N/A,N/A,N/A,N/A,N/A,N/A,N/A,N/A,N/A,N/A,N/A,N/A,N/A,N/A,N/A,N/A,N/A,N/A,N/A,N/A,N/A,N/A,N/A,N/A,N/A,,N/A,outperform
186,2007-10-12 05:57:34,1192139854.0,adm,34.9,0.43165467625898873,1561.8,1.8321705679076685,-1.4005158916486797,N/A,N/A,N/A,N/A,N/A,N/A,N/A,N/A,N/A,N/A,N/A,N/A,N/A,N/A,N/A,N/A,N/A,N/A,N/A,N/A,N/A,N/A,N/A,N/A,N/A,N/A,N/A,N/A,N/A,N/A,N/A,N/A,N/A,N/A,,N/A,underperform
187,2008-01-23 23:14:44,1201101284.0,adm,40.85,17.048710601719204,1338.6,-14.291202458701502,31.339913060420706,N/A,N/A,N/A,N/A,N/A,N/A,N/A,N/A,N/A,N/A,N/A,N/A,N/A,N/A,N/A,N/A,N/A,N/A,N/A,N/A,N/A,N/A,N/A,N/A,N/A,N/A,N/A,N/A,N/A,N/A,N/A,N/A,N/A,N/A,,N/A,outperform
188,2009-01-09 16:47:55,1231490875.0,adm,27.94,-31.60342717258262,890.35,-33.48647841027939,1.883051237696769,N/A,N/A,N/A,N/A,N/A,N/A,N/A,N/A,N/A,N/A,N/A,N/A,N/A,N/A,N/A,N/A,N/A,N/A,N/A,N/A,N/A,N/A,N/A,N/A,N/A,N/A,N/A,N/A,N/A,N/A,N/A,N/A,N/A,N/A,,N/A,outperform
189,2004-05-12 18:03:39,1084356219.0,adp,45.7,0.0,1097.28,0.0,0.0,N/A,N/A,N/A,N/A,N/A,N/A,N/A,N/A,N/A,N/A,N/A,N/A,N/A,N/A,N/A,N/A,N/A,N/A,N/A,N/A,N/A,N/A,N/A,N/A,N/A,N/A,N/A,N/A,N/A,N/A,N/A,N/A,N/A,N/A,,N/A,underperform
190,2006-05-29 06:22:46,1148854966.0,adp,45.98,0.6126914660831378,1280.16,16.66666666666668,-16.05397520058354,N/A,N/A,N/A,N/A,N/A,N/A,N/A,N/A,N/A,N/A,N/A,N/A,N/A,N/A,N/A,N/A,N/A,N/A,N/A,N/A,N/A,N/A,N/A,N/A,N/A,N/A,N/A,N/A,N/A,N/A,N/A,N/A,N/A,N/A,,N/A,underperform
191,2006-06-27 09:26:37,1151371597.0,adp,44.48,-3.2622879512831666,1239.2,-3.1996000499937534,-0.06268790128941326,N/A,N/A,N/A,N/A,N/A,N/A,N/A,N/A,N/A,N/A,N/A,N/A,N/A,N/A,N/A,N/A,N/A,N/A,N/A,N/A,N/A,N/A,N/A,N/A,N/A,N/A,N/A,N/A,N/A,N/A,N/A,N/A,N/A,N/A,,N/A,underperform
192,2007-02-20 18:32:39,1171967559.0,adp,50.7,13.983812949640303,1459.68,17.79212395093609,-3.808311001295788,N/A,N/A,N/A,N/A,N/A,N/A,N/A,N/A,N/A,N/A,N/A,N/A,N/A,N/A,N/A,N/A,N/A,N/A,N/A,N/A,N/A,N/A,N/A,N/A,N/A,N/A,N/A,N/A,N/A,N/A,N/A,N/A,N/A,N/A,,N/A,underperform
193,2007-04-28 09:46:50,1177724810.0,adp,45.17,-10.907297830374755,1495.42,2.448481859037598,-13.355779689412353,N/A,N/A,N/A,N/A,N/A,N/A,N/A,N/A,N/A,N/A,N/A,N/A,N/A,N/A,N/A,N/A,N/A,N/A,N/A,N/A,N/A,N/A,N/A,N/A,N/A,N/A,N/A,N/A,N/A,N/A,N/A,N/A,N/A,N/A,,N/A,underperform
194,2007-05-28 15:46:58,1180338418.0,adp,49.23,8.988266548594188,1515.73,1.3581468751253791,7.630119673468809,N/A,N/A,N/A,N/A,N/A,N/A,N/A,N/A,N/A,N/A,N/A,N/A,N/A,N/A,N/A,N/A,N/A,N/A,N/A,N/A,N/A,N/A,N/A,N/A,N/A,N/A,N/A,N/A,N/A,N/A,N/A,N/A,N/A,N/A,,N/A,outperform
195,2007-06-30 05:05:33,1183151133.0,adp,48.47,-1.543774121470644,1506.34,-0.6195034735737961,-0.9242706478968479,N/A,N/A,N/A,N/A,N/A,N/A,N/A,N/A,N/A,N/A,N/A,N/A,N/A,N/A,N/A,N/A,N/A,N/A,N/A,N/A,N/A,N/A,N/A,N/A,N/A,N/A,N/A,N/A,N/A,N/A,N/A,N/A,N/A,N/A,,N/A,underperform
196,2007-10-22 09:12:40,1193015560.0,adp,47.52,-1.9599752424179817,1506.33,-0.0006638607485687764,-1.959311381669413,N/A,N/A,N/A,N/A,N/A,N/A,N/A,N/A,N/A,N/A,N/A,N/A,N/A,N/A,N/A,N/A,N/A,N/A,N/A,N/A,N/A,N/A,N/A,N/A,N/A,N/A,N/A,N/A,N/A,N/A,N/A,N/A,N/A,N/A,,N/A,underperform
197,2008-01-23 19:35:35,1201088135.0,adp,38.56,-18.855218855218855,1338.6,-11.135010256716656,-7.720208598502198,N/A,N/A,N/A,N/A,N/A,N/A,N/A,N/A,N/A,N/A,N/A,N/A,N/A,N/A,N/A,N/A,N/A,N/A,N/A,N/A,N/A,N/A,N/A,N/A,N/A,N/A,N/A,N/A,N/A,N/A,N/A,N/A,N/A,N/A,,N/A,underperform
198,2008-12-07 07:53:01,1228607581.0,adp,37.59,-2.5155601659751006,845.22,-36.857911250560285,34.34235108458518,N/A,N/A,N/A,N/A,N/A,N/A,N/A,N/A,N/A,N/A,N/A,N/A,N/A,N/A,N/A,N/A,N/A,N/A,N/A,N/A,N/A,N/A,N/A,N/A,N/A,N/A,N/A,N/A,N/A,N/A,N/A,N/A,N/A,N/A,,N/A,outperform
199,2003-10-03 16:48:40,1065170920.0,adsk,18.44,0.0,1029.85,0.0,0.0,N/A,N/A,N/A,N/A,N/A,N/A,N/A,N/A,N/A,N/A,N/A,N/A,N/A,N/A,N/A,N/A,N/A,N/A,N/A,N/A,N/A,N/A,N/A,N/A,N/A,N/A,N/A,N/A,N/A,N/A,N/A,N/A,N/A,N/A,,N/A,underperform
200,2004-06-20 07:36:21,1087688181.0,adsk,39.4,113.66594360086766,1132.05,9.923775307083561,103.7421682937841,N/A,N/A,N/A,N/A,N/A,N/A,N/A,N/A,N/A,N/A,N/A,N/A,N/A,N/A,N/A,N/A,N/A,N/A,N/A,N/A,N/A,N/A,N/A,N/A,N/A,N/A,N/A,N/A,N/A,N/A,N/A,N/A,N/A,N/A,,N/A,outperform
201,2004-08-03 23:39:21,1091547561.0,adsk,39.96,1.4213197969543205,1099.69,-2.858530983613789,4.279850780568109,N/A,N/A,N/A,N/A,N/A,N/A,N/A,N/A,N/A,N/A,N/A,N/A,N/A,N/A,N/A,N/A,N/A,N/A,N/A,N/A,N/A,N/A,N/A,N/A,N/A,N/A,N/A,N/A,N/A,N/A,N/A,N/A,N/A,N/A,,N/A,outperform
202,2005-02-25 15:10:44,1109315444.0,adsk,29.83,-25.350350350350354,1211.37,10.155589302439763,-35.50593965279012,N/A,N/A,N/A,N/A,N/A,N/A,N/A,N/A,N/A,N/A,N/A,N/A,N/A,N/A,N/A,N/A,N/A,N/A,N/A,N/A,N/A,N/A,N/A,N/A,N/A,N/A,N/A,N/A,N/A,N/A,N/A,N/A,N/A,N/A,,N/A,underperform
203,2005-04-19 09:08:08,1113872888.0,adsk,31.69,6.235333556822002,1152.78,-4.836672527799097,11.072006084621098,N/A,N/A,N/A,N/A,N/A,N/A,N/A,N/A,N/A,N/A,N/A,N/A,N/A,N/A,N/A,N/A,N/A,N/A,N/A,N/A,N/A,N/A,N/A,N/A,N/A,N/A,N/A,N/A,N/A,N/A,N/A,N/A,N/A,N/A,,N/A,outperform
204,2007-03-09 02:37:05,1173379025.0,adsk,38.53,21.58409592931524,1402.84,21.691909991498807,-0.10781406218356793,N/A,N/A,N/A,N/A,N/A,N/A,N/A,N/A,N/A,N/A,N/A,N/A,N/A,N/A,N/A,N/A,N/A,N/A,N/A,N/A,N/A,N/A,N/A,N/A,N/A,N/A,N/A,N/A,N/A,N/A,N/A,N/A,N/A,N/A,,N/A,underperform
205,2007-03-11 12:08:50,1173586130.0,adsk,38.54,0.02595380223202183,1401.89,-0.06771976846966285,0.09367357070168468,N/A,N/A,N/A,N/A,N/A,N/A,N/A,N/A,N/A,N/A,N/A,N/A,N/A,N/A,N/A,N/A,N/A,N/A,N/A,N/A,N/A,N/A,N/A,N/A,N/A,N/A,N/A,N/A,N/A,N/A,N/A,N/A,N/A,N/A,,N/A,outperform
206,2007-04-07 14:32:35,1175927555.0,adsk,39.55,2.6206538661131242,1439.37,2.673533586800661,-0.05287972068753666,N/A,N/A,N/A,N/A,N/A,N/A,N/A,N/A,N/A,N/A,N/A,N/A,N/A,N/A,N/A,N/A,N/A,N/A,N/A,N/A,N/A,N/A,N/A,N/A,N/A,N/A,N/A,N/A,N/A,N/A,N/A,N/A,N/A,N/A,,N/A,underperform
207,2007-05-29 18:50:01,1180435801.0,adsk,44.53,12.591656131479152,1518.11,5.470448876939217,7.121207254539934,N/A,N/A,N/A,N/A,N/A,N/A,N/A,N/A,N/A,N/A,N/A,N/A,N/A,N/A,N/A,N/A,N/A,N/A,N/A,N/A,N/A,N/A,N/A,N/A,N/A,N/A,N/A,N/A,N/A,N/A,N/A,N/A,N/A,N/A,,N/A,outperform
208,2007-12-24 21:50:49,1198504249.0,adsk,51.02,14.574444194924773,1496.45,-1.4267740809295675,16.00121827585434,N/A,N/A,N/A,N/A,N/A,N/A,N/A,N/A,N/A,N/A,N/A,N/A,N/A,N/A,N/A,N/A,N/A,N/A,N/A,N/A,N/A,N/A,N/A,N/A,N/A,N/A,N/A,N/A,N/A,N/A,N/A,N/A,N/A,N/A,,N/A,outperform
209,2008-01-23 23:44:14,1201103054.0,adsk,40.75,-20.129361034888284,1338.6,-10.548297637742667,-9.581063397145616,N/A,N/A,N/A,N/A,N/A,N/A,N/A,N/A,N/A,N/A,N/A,N/A,N/A,N/A,N/A,N/A,N/A,N/A,N/A,N/A,N/A,N/A,N/A,N/A,N/A,N/A,N/A,N/A,N/A,N/A,N/A,N/A,N/A,N/A,,N/A,underperform
210,2008-03-02 21:47:36,1204465656.0,adsk,31.09,-23.705521472392636,1367.68,2.1724189451666036,-25.87794041755924,N/A,N/A,N/A,N/A,N/A,N/A,N/A,N/A,N/A,N/A,N/A,N/A,N/A,N/A,N/A,N/A,N/A,N/A,N/A,N/A,N/A,N/A,N/A,N/A,N/A,N/A,N/A,N/A,N/A,N/A,N/A,N/A,N/A,N/A,,N/A,underperform
211,2004-09-24 17:33:50,1096018430.0,aee,46.07,0.0,1110.11,0.0,0.0,N/A,N/A,N/A,N/A,N/A,N/A,N/A,N/A,N/A,N/A,N/A,N/A,N/A,N/A,N/A,N/A,N/A,N/A,N/A,N/A,N/A,N/A,N/A,N/A,N/A,N/A,N/A,N/A,N/A,N/A,N/A,N/A,N/A,N/A,,N/A,underperform
212,2004-11-02 15:30:15,1099380615.0,aee,48.01,4.210983286303446,1130.56,1.8421597859671606,2.368823500336286,N/A,N/A,N/A,N/A,N/A,N/A,N/A,N/A,N/A,N/A,N/A,N/A,N/A,N/A,N/A,N/A,N/A,N/A,N/A,N/A,N/A,N/A,N/A,N/A,N/A,N/A,N/A,N/A,N/A,N/A,N/A,N/A,N/A,N/A,,N/A,outperform
213,2005-03-05 21:55:16,1110030916.0,aee,51.83,7.956675692564049,1210.08,7.033682422870082,0.9229932696939676,N/A,N/A,N/A,N/A,N/A,N/A,N/A,N/A,N/A,N/A,N/A,N/A,N/A,N/A,N/A,N/A,N/A,N/A,N/A,N/A,N/A,N/A,N/A,N/A,N/A,N/A,N/A,N/A,N/A,N/A,N/A,N/A,N/A,N/A,,N/A,outperform
214,2005-12-16 06:43:01,1134686581.0,aee,52.32,0.9453984179046924,1267.32,4.7302657675525595,-3.7848673496478673,N/A,N/A,N/A,N/A,N/A,N/A,N/A,N/A,N/A,N/A,N/A,N/A,N/A,N/A,N/A,N/A,N/A,N/A,N/A,N/A,N/A,N/A,N/A,N/A,N/A,N/A,N/A,N/A,N/A,N/A,N/A,N/A,N/A,N/A,,N/A,underperform
215,2006-01-10 11:29:29,1136863769.0,aee,51.66,-1.2614678899082639,1289.69,1.7651421898178927,-3.0266100797261566,N/A,N/A,N/A,N/A,N/A,N/A,N/A,N/A,N/A,N/A,N/A,N/A,N/A,N/A,N/A,N/A,N/A,N/A,N/A,N/A,N/A,N/A,N/A,N/A,N/A,N/A,N/A,N/A,N/A,N/A,N/A,N/A,N/A,N/A,,N/A,underperform
216,2007-02-20 06:12:12,1171923132.0,aee,53.51,3.5811072396438277,1459.68,13.180686831719251,-9.599579592075424,N/A,N/A,N/A,N/A,N/A,N/A,N/A,N/A,N/A,N/A,N/A,N/A,N/A,N/A,N/A,N/A,N/A,N/A,N/A,N/A,N/A,N/A,N/A,N/A,N/A,N/A,N/A,N/A,N/A,N/A,N/A,N/A,N/A,N/A,,N/A,underperform
217,2007-12-15 01:09:10,1197652150.0,aee,53.77,0.48589048775930693,1486.59,1.8435547517263957,-1.3576642639670888,N/A,N/A,N/A,N/A,N/A,N/A,N/A,N/A,N/A,N/A,N/A,N/A,N/A,N/A,N/A,N/A,N/A,N/A,N/A,N/A,N/A,N/A,N/A,N/A,N/A,N/A,N/A,N/A,N/A,N/A,N/A,N/A,N/A,N/A,,N/A,underperform
218,2008-01-23 19:17:07,1201087027.0,aee,46.34,-13.818114190068812,1338.6,-9.954997679252518,-3.863116510816294,N/A,N/A,N/A,N/A,N/A,N/A,N/A,N/A,N/A,N/A,N/A,N/A,N/A,N/A,N/A,N/A,N/A,N/A,N/A,N/A,N/A,N/A,N/A,N/A,N/A,N/A,N/A,N/A,N/A,N/A,N/A,N/A,N/A,N/A,,N/A,underperform
219,2009-02-21 00:56:51,1235149011.0,aee,25.73,-44.475615019421674,788.42,-41.10115045569999,-3.3744645637216877,N/A,N/A,N/A,N/A,N/A,N/A,N/A,N/A,N/A,N/A,N/A,N/A,N/A,N/A,N/A,N/A,N/A,N/A,N/A,N/A,N/A,N/A,N/A,N/A,N/A,N/A,N/A,N/A,N/A,N/A,N/A,N/A,N/A,N/A,,N/A,underperform
220,2007-03-17 16:26:12,1174119972.0,aeo,29.89,0.0,1387.17,0.0,0.0,N/A,N/A,N/A,N/A,N/A,N/A,N/A,N/A,N/A,N/A,N/A,N/A,N/A,N/A,N/A,N/A,N/A,N/A,N/A,N/A,N/A,N/A,N/A,N/A,N/A,N/A,N/A,N/A,N/A,N/A,N/A,N/A,N/A,N/A,,N/A,underperform
221,2007-09-20 19:04:16,1190286256.0,aeo,25.61,-14.319170291067252,1518.75,9.485499253876592,-23.80466954494384,N/A,N/A,N/A,N/A,N/A,N/A,N/A,N/A,N/A,N/A,N/A,N/A,N/A,N/A,N/A,N/A,N/A,N/A,N/A,N/A,N/A,N/A,N/A,N/A,N/A,N/A,N/A,N/A,N/A,N/A,N/A,N/A,N/A,N/A,,N/A,underperform
222,2007-10-13 18:24:50,1192271090.0,aeo,24.43,-4.6075751659507995,1562.47,2.8786831275720184,-7.486258293522818,N/A,N/A,N/A,N/A,N/A,N/A,N/A,N/A,N/A,N/A,N/A,N/A,N/A,N/A,N/A,N/A,N/A,N/A,N/A,N/A,N/A,N/A,N/A,N/A,N/A,N/A,N/A,N/A,N/A,N/A,N/A,N/A,N/A,N/A,,N/A,underperform
223,2008-01-24 01:42:43,1201110163.0,aeo,22.64,-7.327056897257467,1352.07,-13.46585854448406,6.138801647226593,N/A,N/A,N/A,N/A,N/A,N/A,N/A,N/A,N/A,N/A,N/A,N/A,N/A,N/A,N/A,N/A,N/A,N/A,N/A,N/A,N/A,N/A,N/A,N/A,N/A,N/A,N/A,N/A,N/A,N/A,N/A,N/A,N/A,N/A,,N/A,outperform
224,2008-12-08 10:59:42,1228705182.0,aeo,9.73,-57.022968197879855,909.7,-32.71798057792865,-24.304987619951206,N/A,N/A,N/A,N/A,N/A,N/A,N/A,N/A,N/A,N/A,N/A,N/A,N/A,N/A,N/A,N/A,N/A,N/A,N/A,N/A,N/A,N/A,N/A,N/A,N/A,N/A,N/A,N/A,N/A,N/A,N/A,N/A,N/A,N/A,,N/A,underperform
225,2009-01-12 14:36:10,1231742170.0,aeo,10.13,4.110996916752316,870.26,-4.33549521820381,8.446492134956125,N/A,N/A,N/A,N/A,N/A,N/A,N/A,N/A,N/A,N/A,N/A,N/A,N/A,N/A,N/A,N/A,N/A,N/A,N/A,N/A,N/A,N/A,N/A,N/A,N/A,N/A,N/A,N/A,N/A,N/A,N/A,N/A,N/A,N/A,,N/A,outperform
226,2009-03-07 19:29:00,1236425340.0,aeo,8.91,-12.043435340572563,712.87,-18.085399765587297,6.041964425014735,N/A,N/A,N/A,N/A,N/A,N/A,N/A,N/A,N/A,N/A,N/A,N/A,N/A,N/A,N/A,N/A,N/A,N/A,N/A,N/A,N/A,N/A,N/A,N/A,N/A,N/A,N/A,N/A,N/A,N/A,N/A,N/A,N/A,N/A,,N/A,outperform
227,2004-08-03 23:58:46,1091548726.0,aep,31.64,0.0,1099.69,0.0,0.0,N/A,N/A,N/A,N/A,N/A,N/A,N/A,N/A,N/A,N/A,N/A,N/A,N/A,N/A,N/A,N/A,N/A,N/A,N/A,N/A,N/A,N/A,N/A,N/A,N/A,N/A,N/A,N/A,N/A,N/A,N/A,N/A,N/A,N/A,,N/A,underperform
228,2004-10-10 13:54:05,1097387645.0,aep,32.38,2.3388116308470353,1130.65,2.8153388682265033,-0.476527237379468,N/A,N/A,N/A,N/A,N/A,N/A,N/A,N/A,N/A,N/A,N/A,N/A,N/A,N/A,N/A,N/A,N/A,N/A,N/A,N/A,N/A,N/A,N/A,N/A,N/A,N/A,N/A,N/A,N/A,N/A,N/A,N/A,N/A,N/A,,N/A,underperform
229,2005-04-04 22:37:45,1112625465.0,aep,33.96,4.879555281037671,1176.12,4.021580506788112,0.8579747742495591,N/A,N/A,N/A,N/A,N/A,N/A,N/A,N/A,N/A,N/A,N/A,N/A,N/A,N/A,N/A,N/A,N/A,N/A,N/A,N/A,N/A,N/A,N/A,N/A,N/A,N/A,N/A,N/A,N/A,N/A,N/A,N/A,N/A,N/A,,N/A,outperform
230,2007-03-07 02:53:36,1173207216.0,aep,45.33,33.48056537102473,1391.97,18.35271911029488,15.12784626072985,N/A,N/A,N/A,N/A,N/A,N/A,N/A,N/A,N/A,N/A,N/A,N/A,N/A,N/A,N/A,N/A,N/A,N/A,N/A,N/A,N/A,N/A,N/A,N/A,N/A,N/A,N/A,N/A,N/A,N/A,N/A,N/A,N/A,N/A,,N/A,outperform
231,2007-04-10 20:12:53,1176207173.0,aep,49.34,8.84623869402163,1448.39,4.053248274028899,4.792990419992732,N/A,N/A,N/A,N/A,N/A,N/A,N/A,N/A,N/A,N/A,N/A,N/A,N/A,N/A,N/A,N/A,N/A,N/A,N/A,N/A,N/A,N/A,N/A,N/A,N/A,N/A,N/A,N/A,N/A,N/A,N/A,N/A,N/A,N/A,,N/A,outperform
232,2008-01-23 20:30:47,1201091447.0,aep,43.82,-11.187677340899883,1338.6,-7.580140707958504,-3.607536632941379,N/A,N/A,N/A,N/A,N/A,N/A,N/A,N/A,N/A,N/A,N/A,N/A,N/A,N/A,N/A,N/A,N/A,N/A,N/A,N/A,N/A,N/A,N/A,N/A,N/A,N/A,N/A,N/A,N/A,N/A,N/A,N/A,N/A,N/A,,N/A,underperform
233,2003-10-03 17:23:47,1065173027.0,aes,7.96,0.0,1029.85,0.0,0.0,N/A,N/A,N/A,N/A,N/A,N/A,N/A,N/A,N/A,N/A,N/A,N/A,N/A,N/A,N/A,N/A,N/A,N/A,N/A,N/A,N/A,N/A,N/A,N/A,N/A,N/A,N/A,N/A,N/A,N/A,N/A,N/A,N/A,N/A,,N/A,underperform
234,2003-12-15 21:31:38,1071495098.0,aes,8.39,5.402010050251263,1068.04,3.7083070350051033,1.69370301524616,N/A,N/A,N/A,N/A,N/A,N/A,N/A,N/A,N/A,N/A,N/A,N/A,N/A,N/A,N/A,N/A,N/A,N/A,N/A,N/A,N/A,N/A,N/A,N/A,N/A,N/A,N/A,N/A,N/A,N/A,N/A,N/A,N/A,N/A,,N/A,outperform
235,2004-08-04 00:04:30,1091549070.0,aes,9.66,15.137067938021447,1098.63,2.86412493914087,12.272942998880577,N/A,N/A,N/A,N/A,N/A,N/A,N/A,N/A,N/A,N/A,N/A,N/A,N/A,N/A,N/A,N/A,N/A,N/A,N/A,N/A,N/A,N/A,N/A,N/A,N/A,N/A,N/A,N/A,N/A,N/A,N/A,N/A,N/A,N/A,,N/A,outperform
236,2004-10-26 04:29:14,1098736154.0,aes,11.05,14.389233954451353,1111.09,1.1341397922867396,13.255094162164614,N/A,N/A,N/A,N/A,N/A,N/A,N/A,N/A,N/A,N/A,N/A,N/A,N/A,N/A,N/A,N/A,N/A,N/A,N/A,N/A,N/A,N/A,N/A,N/A,N/A,N/A,N/A,N/A,N/A,N/A,N/A,N/A,N/A,N/A,,N/A,outperform
237,2004-12-05 09:19:07,1102209547.0,aes,12.42,12.39819004524886,1190.33,7.131735502974558,5.266454542274302,N/A,N/A,N/A,N/A,N/A,N/A,N/A,N/A,N/A,N/A,N/A,N/A,N/A,N/A,N/A,N/A,N/A,N/A,N/A,N/A,N/A,N/A,N/A,N/A,N/A,N/A,N/A,N/A,N/A,N/A,N/A,N/A,N/A,N/A,,N/A,outperform
238,2005-02-18 08:12:43,1108685563.0,aes,16.48,32.68921095008052,1201.59,0.945956163416867,31.743254786663655,N/A,N/A,N/A,N/A,N/A,N/A,N/A,N/A,N/A,N/A,N/A,N/A,N/A,N/A,N/A,N/A,N/A,N/A,N/A,N/A,N/A,N/A,N/A,N/A,N/A,N/A,N/A,N/A,N/A,N/A,N/A,N/A,N/A,N/A,,N/A,outperform
239,2007-02-19 02:26:15,1171823175.0,aes,22.3,35.31553398058252,1455.54,21.134496791750934,14.181037188831588,N/A,N/A,N/A,N/A,N/A,N/A,N/A,N/A,N/A,N/A,N/A,N/A,N/A,N/A,N/A,N/A,N/A,N/A,N/A,N/A,N/A,N/A,N/A,N/A,N/A,N/A,N/A,N/A,N/A,N/A,N/A,N/A,N/A,N/A,,N/A,outperform
240,2007-04-11 05:09:29,1176239369.0,aes,22.42,0.5381165919282556,1438.87,-1.145279415199862,1.6833960071281175,N/A,N/A,N/A,N/A,N/A,N/A,N/A,N/A,N/A,N/A,N/A,N/A,N/A,N/A,N/A,N/A,N/A,N/A,N/A,N/A,N/A,N/A,N/A,N/A,N/A,N/A,N/A,N/A,N/A,N/A,N/A,N/A,N/A,N/A,,N/A,outperform
241,2008-01-23 21:05:49,1201093549.0,aes,17.9,-20.160570918822494,1338.6,-6.968662909088382,-13.191908009734112,N/A,N/A,N/A,N/A,N/A,N/A,N/A,N/A,N/A,N/A,N/A,N/A,N/A,N/A,N/A,N/A,N/A,N/A,N/A,N/A,N/A,N/A,N/A,N/A,N/A,N/A,N/A,N/A,N/A,N/A,N/A,N/A,N/A,N/A,,N/A,underperform
242,2008-04-23 21:50:03,1208958603.0,aes,17.63,-1.508379888268154,1379.93,3.0875541610638098,-4.595934049331964,N/A,N/A,N/A,N/A,N/A,N/A,N/A,N/A,N/A,N/A,N/A,N/A,N/A,N/A,N/A,N/A,N/A,N/A,N/A,N/A,N/A,N/A,N/A,N/A,N/A,N/A,N/A,N/A,N/A,N/A,N/A,N/A,N/A,N/A,,N/A,underperform
243,2004-02-15 08:22:54,1076804574.0,aet,77.5,0.0,1152.11,0.0,0.0,N/A,N/A,N/A,N/A,N/A,N/A,N/A,N/A,N/A,N/A,N/A,N/A,N/A,N/A,N/A,N/A,N/A,N/A,N/A,N/A,N/A,N/A,N/A,N/A,N/A,N/A,N/A,N/A,N/A,N/A,N/A,N/A,N/A,N/A,,N/A,underperform
244,2004-08-03 20:44:23,1091537063.0,aet,86.6,11.74193548387096,1099.69,-4.549912768746027,16.291848252616987,N/A,N/A,N/A,N/A,N/A,N/A,N/A,N/A,N/A,N/A,N/A,N/A,N/A,N/A,N/A,N/A,N/A,N/A,N/A,N/A,N/A,N/A,N/A,N/A,N/A,N/A,N/A,N/A,N/A,N/A,N/A,N/A,N/A,N/A,,N/A,outperform
245,2004-11-30 04:45:36,1101761136.0,aet,118.21,36.50115473441109,1173.82,6.7409906428175095,29.76016409159358,N/A,N/A,N/A,N/A,N/A,N/A,N/A,N/A,N/A,N/A,N/A,N/A,N/A,N/A,N/A,N/A,N/A,N/A,N/A,N/A,N/A,N/A,N/A,N/A,N/A,N/A,N/A,N/A,N/A,N/A,N/A,N/A,N/A,N/A,,N/A,outperform
246,2005-02-04 06:20:07,1107469207.0,aet,130.85,10.692834785551138,1203.03,2.4884564924775554,8.204378293073583,N/A,N/A,N/A,N/A,N/A,N/A,N/A,N/A,N/A,N/A,N/A,N/A,N/A,N/A,N/A,N/A,N/A,N/A,N/A,N/A,N/A,N/A,N/A,N/A,N/A,N/A,N/A,N/A,N/A,N/A,N/A,N/A,N/A,N/A,,N/A,outperform
247,2005-04-08 02:12:37,1112897557.0,aet,76.32,-41.673672143675965,1181.2,-1.8145848399457976,-39.85908730373017,N/A,N/A,N/A,N/A,N/A,N/A,N/A,N/A,N/A,N/A,N/A,N/A,N/A,N/A,N/A,N/A,N/A,N/A,N/A,N/A,N/A,N/A,N/A,N/A,N/A,N/A,N/A,N/A,N/A,N/A,N/A,N/A,N/A,N/A,,N/A,underperform
248,2005-09-23 17:26:49,1127467609.0,aet,82.71,8.372641509433963,1215.29,2.886048086691493,5.48659342274247,N/A,N/A,N/A,N/A,N/A,N/A,N/A,N/A,N/A,N/A,N/A,N/A,N/A,N/A,N/A,N/A,N/A,N/A,N/A,N/A,N/A,N/A,N/A,N/A,N/A,N/A,N/A,N/A,N/A,N/A,N/A,N/A,N/A,N/A,,N/A,outperform
249,2006-01-11 03:31:09,1136921469.0,aet,92.65,12.017893845967855,1294.18,6.491454714512594,5.526439131455261,N/A,N/A,N/A,N/A,N/A,N/A,N/A,N/A,N/A,N/A,N/A,N/A,N/A,N/A,N/A,N/A,N/A,N/A,N/A,N/A,N/A,N/A,N/A,N/A,N/A,N/A,N/A,N/A,N/A,N/A,N/A,N/A,N/A,N/A,,N/A,outperform
250,2006-05-07 11:34:24,1146972864.0,aet,37.99,-58.99622234214787,1312.25,1.3962509079107956,-60.392473250058664,N/A,N/A,N/A,N/A,N/A,N/A,N/A,N/A,N/A,N/A,N/A,N/A,N/A,N/A,N/A,N/A,N/A,N/A,N/A,N/A,N/A,N/A,N/A,N/A,N/A,N/A,N/A,N/A,N/A,N/A,N/A,N/A,N/A,N/A,,N/A,underperform
251,2007-01-25 23:46:33,1169739993.0,aet,41.1,8.186364832850748,1423.9,8.508287292817686,-0.32192245996693813,N/A,N/A,N/A,N/A,N/A,N/A,N/A,N/A,N/A,N/A,N/A,N/A,N/A,N/A,N/A,N/A,N/A,N/A,N/A,N/A,N/A,N/A,N/A,N/A,N/A,N/A,N/A,N/A,N/A,N/A,N/A,N/A,N/A,N/A,,N/A,underperform
252,2007-02-20 08:05:18,1171929918.0,aet,45.61,10.973236009732355,1459.68,2.5128169112999488,8.460419098432407,N/A,N/A,N/A,N/A,N/A,N/A,N/A,N/A,N/A,N/A,N/A,N/A,N/A,N/A,N/A,N/A,N/A,N/A,N/A,N/A,N/A,N/A,N/A,N/A,N/A,N/A,N/A,N/A,N/A,N/A,N/A,N/A,N/A,N/A,,N/A,outperform
253,2007-04-06 18:34:03,1175855643.0,aet,45.0,-1.337426003069501,1437.77,-1.501013920859372,0.16358791778987092,N/A,N/A,N/A,N/A,N/A,N/A,N/A,N/A,N/A,N/A,N/A,N/A,N/A,N/A,N/A,N/A,N/A,N/A,N/A,N/A,N/A,N/A,N/A,N/A,N/A,N/A,N/A,N/A,N/A,N/A,N/A,N/A,N/A,N/A,,N/A,outperform
254,2008-01-23 22:12:23,1201097543.0,aet,54.11,20.244444444444444,1338.6,-6.897487080687458,27.141931525131902,N/A,N/A,N/A,N/A,N/A,N/A,N/A,N/A,N/A,N/A,N/A,N/A,N/A,N/A,N/A,N/A,N/A,N/A,N/A,N/A,N/A,N/A,N/A,N/A,N/A,N/A,N/A,N/A,N/A,N/A,N/A,N/A,N/A,N/A,,N/A,outperform
255,2008-02-22 22:13:00,1203689580.0,aet,50.13,-7.355387174274621,1353.11,1.083968325115792,-8.439355499390413,N/A,N/A,N/A,N/A,N/A,N/A,N/A,N/A,N/A,N/A,N/A,N/A,N/A,N/A,N/A,N/A,N/A,N/A,N/A,N/A,N/A,N/A,N/A,N/A,N/A,N/A,N/A,N/A,N/A,N/A,N/A,N/A,N/A,N/A,,N/A,underperform
256,2008-11-01 10:58:06,1225508286.0,aet,24.87,-50.38898862956314,930.09,-31.262794599108712,-19.126194030454425,N/A,N/A,N/A,N/A,N/A,N/A,N/A,N/A,N/A,N/A,N/A,N/A,N/A,N/A,N/A,N/A,N/A,N/A,N/A,N/A,N/A,N/A,N/A,N/A,N/A,N/A,N/A,N/A,N/A,N/A,N/A,N/A,N/A,N/A,,N/A,underperform
257,2003-10-03 17:29:50,1065173390.0,afl,33.43,0.0,1029.85,0.0,0.0,N/A,N/A,N/A,N/A,N/A,N/A,N/A,N/A,N/A,N/A,N/A,N/A,N/A,N/A,N/A,N/A,N/A,N/A,N/A,N/A,N/A,N/A,N/A,N/A,N/A,N/A,N/A,N/A,N/A,N/A,N/A,N/A,N/A,N/A,,N/A,underperform
258,2003-12-07 12:26:30,1070771190.0,afl,35.47,6.102303320370922,1069.72,3.8714375879982637,2.230865732372658,N/A,N/A,N/A,N/A,N/A,N/A,N/A,N/A,N/A,N/A,N/A,N/A,N/A,N/A,N/A,N/A,N/A,N/A,N/A,N/A,N/A,N/A,N/A,N/A,N/A,N/A,N/A,N/A,N/A,N/A,N/A,N/A,N/A,N/A,,N/A,outperform
259,2004-06-27 21:50:24,1088344224.0,afl,40.4,13.899069636312374,1140.65,6.630707100923612,7.268362535388762,N/A,N/A,N/A,N/A,N/A,N/A,N/A,N/A,N/A,N/A,N/A,N/A,N/A,N/A,N/A,N/A,N/A,N/A,N/A,N/A,N/A,N/A,N/A,N/A,N/A,N/A,N/A,N/A,N/A,N/A,N/A,N/A,N/A,N/A,,N/A,outperform
260,2004-08-29 05:10:22,1093727422.0,afl,39.99,-1.0148514851485064,1105.09,-3.117520711874823,2.1026692267263165,N/A,N/A,N/A,N/A,N/A,N/A,N/A,N/A,N/A,N/A,N/A,N/A,N/A,N/A,N/A,N/A,N/A,N/A,N/A,N/A,N/A,N/A,N/A,N/A,N/A,N/A,N/A,N/A,N/A,N/A,N/A,N/A,N/A,N/A,,N/A,outperform
261,2005-01-25 00:35:34,1106584534.0,afl,39.58,-1.025256314078529,1168.41,5.729850057461398,-6.755106371539927,N/A,N/A,N/A,N/A,N/A,N/A,N/A,N/A,N/A,N/A,N/A,N/A,N/A,N/A,N/A,N/A,N/A,N/A,N/A,N/A,N/A,N/A,N/A,N/A,N/A,N/A,N/A,N/A,N/A,N/A,N/A,N/A,N/A,N/A,,N/A,underperform
262,2005-03-17 18:20:48,1111054848.0,afl,38.22,-3.4360788276907512,1190.21,1.8657834150683366,-5.301862242759087,N/A,N/A,N/A,N/A,N/A,N/A,N/A,N/A,N/A,N/A,N/A,N/A,N/A,N/A,N/A,N/A,N/A,N/A,N/A,N/A,N/A,N/A,N/A,N/A,N/A,N/A,N/A,N/A,N/A,N/A,N/A,N/A,N/A,N/A,,N/A,underperform
263,2005-04-06 19:09:19,1112785759.0,afl,37.0,-3.1920460491889036,1184.07,-0.5158753497282076,-2.676170699460696,N/A,N/A,N/A,N/A,N/A,N/A,N/A,N/A,N/A,N/A,N/A,N/A,N/A,N/A,N/A,N/A,N/A,N/A,N/A,N/A,N/A,N/A,N/A,N/A,N/A,N/A,N/A,N/A,N/A,N/A,N/A,N/A,N/A,N/A,,N/A,underperform
264,2005-08-28 22:41:53,1125240113.0,afl,43.93,18.72972972972973,1212.37,2.3900613983970507,16.33966833133268,N/A,N/A,N/A,N/A,N/A,N/A,N/A,N/A,N/A,N/A,N/A,N/A,N/A,N/A,N/A,N/A,N/A,N/A,N/A,N/A,N/A,N/A,N/A,N/A,N/A,N/A,N/A,N/A,N/A,N/A,N/A,N/A,N/A,N/A,,N/A,outperform
265,2006-02-02 01:16:50,1138814210.0,afl,47.17,7.375369906669707,1270.84,4.822785123353435,2.5525847833162727,N/A,N/A,N/A,N/A,N/A,N/A,N/A,N/A,N/A,N/A,N/A,N/A,N/A,N/A,N/A,N/A,N/A,N/A,N/A,N/A,N/A,N/A,N/A,N/A,N/A,N/A,N/A,N/A,N/A,N/A,N/A,N/A,N/A,N/A,,N/A,outperform
266,2006-05-28 02:32:55,1148754775.0,afl,46.78,-0.82679669281323,1272.88,0.1605237480721563,-0.9873204408853863,N/A,N/A,N/A,N/A,N/A,N/A,N/A,N/A,N/A,N/A,N/A,N/A,N/A,N/A,N/A,N/A,N/A,N/A,N/A,N/A,N/A,N/A,N/A,N/A,N/A,N/A,N/A,N/A,N/A,N/A,N/A,N/A,N/A,N/A,,N/A,underperform
267,2007-02-20 18:32:53,1171967573.0,afl,48.45,3.569901667379225,1459.68,14.675381811325494,-11.105480143946268,N/A,N/A,N/A,N/A,N/A,N/A,N/A,N/A,N/A,N/A,N/A,N/A,N/A,N/A,N/A,N/A,N/A,N/A,N/A,N/A,N/A,N/A,N/A,N/A,N/A,N/A,N/A,N/A,N/A,N/A,N/A,N/A,N/A,N/A,,N/A,underperform
268,2007-04-08 10:16:28,1175998588.0,afl,47.92,-1.0939112487100127,1443.76,-1.0906500054806583,-0.0032612432293543936,N/A,N/A,N/A,N/A,N/A,N/A,N/A,N/A,N/A,N/A,N/A,N/A,N/A,N/A,N/A,N/A,N/A,N/A,N/A,N/A,N/A,N/A,N/A,N/A,N/A,N/A,N/A,N/A,N/A,N/A,N/A,N/A,N/A,N/A,,N/A,underperform
269,2008-01-23 12:52:38,1201063958.0,afl,61.31,27.942404006677794,1338.6,-7.283759073530232,35.226163080208025,N/A,N/A,N/A,N/A,N/A,N/A,N/A,N/A,N/A,N/A,N/A,N/A,N/A,N/A,N/A,N/A,N/A,N/A,N/A,N/A,N/A,N/A,N/A,N/A,N/A,N/A,N/A,N/A,N/A,N/A,N/A,N/A,N/A,N/A,,N/A,outperform
270,2009-01-29 12:02:15,1233201735.0,afl,25.06,-59.1257543630729,845.14,-36.86388764380696,-22.26186671926594,N/A,N/A,N/A,N/A,N/A,N/A,N/A,N/A,N/A,N/A,N/A,N/A,N/A,N/A,N/A,N/A,N/A,N/A,N/A,N/A,N/A,N/A,N/A,N/A,N/A,N/A,N/A,N/A,N/A,N/A,N/A,N/A,N/A,N/A,,N/A,underperform
271,2003-11-17 22:46:03,1069080363.0,agn,76.65,0.0,1043.63,0.0,0.0,N/A,N/A,N/A,N/A,N/A,N/A,N/A,N/A,N/A,N/A,N/A,N/A,N/A,N/A,N/A,N/A,N/A,N/A,N/A,N/A,N/A,N/A,N/A,N/A,N/A,N/A,N/A,N/A,N/A,N/A,N/A,N/A,N/A,N/A,,N/A,underperform
272,2004-06-19 14:49:29,1087627769.0,agn,91.42,19.26940639269406,1133.56,8.61703860563608,10.652367787057978,N/A,N/A,N/A,N/A,N/A,N/A,N/A,N/A,N/A,N/A,N/A,N/A,N/A,N/A,N/A,N/A,N/A,N/A,N/A,N/A,N/A,N/A,N/A,N/A,N/A,N/A,N/A,N/A,N/A,N/A,N/A,N/A,N/A,N/A,,N/A,outperform
273,2004-08-10 02:33:38,1092076418.0,agn,69.32,-24.1741413257493,1079.04,-4.80962631003211,-19.36451501571719,N/A,N/A,N/A,N/A,N/A,N/A,N/A,N/A,N/A,N/A,N/A,N/A,N/A,N/A,N/A,N/A,N/A,N/A,N/A,N/A,N/A,N/A,N/A,N/A,N/A,N/A,N/A,N/A,N/A,N/A,N/A,N/A,N/A,N/A,,N/A,underperform
274,2004-11-02 14:09:49,1099375789.0,agn,72.5,4.5874206578188215,1130.56,4.774614472123368,-0.18719381430454618,N/A,N/A,N/A,N/A,N/A,N/A,N/A,N/A,N/A,N/A,N/A,N/A,N/A,N/A,N/A,N/A,N/A,N/A,N/A,N/A,N/A,N/A,N/A,N/A,N/A,N/A,N/A,N/A,N/A,N/A,N/A,N/A,N/A,N/A,,N/A,underperform
275,2005-03-10 01:40:57,1110390057.0,agn,75.47,4.096551724137929,1209.25,6.960267478063973,-2.8637157539260443,N/A,N/A,N/A,N/A,N/A,N/A,N/A,N/A,N/A,N/A,N/A,N/A,N/A,N/A,N/A,N/A,N/A,N/A,N/A,N/A,N/A,N/A,N/A,N/A,N/A,N/A,N/A,N/A,N/A,N/A,N/A,N/A,N/A,N/A,,N/A,underperform
276,2005-04-04 23:20:33,1112628033.0,agn,69.07,-8.480190804293104,1176.12,-2.739714699193724,-5.740476105099379,N/A,N/A,N/A,N/A,N/A,N/A,N/A,N/A,N/A,N/A,N/A,N/A,N/A,N/A,N/A,N/A,N/A,N/A,N/A,N/A,N/A,N/A,N/A,N/A,N/A,N/A,N/A,N/A,N/A,N/A,N/A,N/A,N/A,N/A,,N/A,underperform
277,2005-08-29 12:42:47,1125290567.0,agn,92.83,34.39988417547416,1212.28,3.0745162058293443,31.32536796964482,N/A,N/A,N/A,N/A,N/A,N/A,N/A,N/A,N/A,N/A,N/A,N/A,N/A,N/A,N/A,N/A,N/A,N/A,N/A,N/A,N/A,N/A,N/A,N/A,N/A,N/A,N/A,N/A,N/A,N/A,N/A,N/A,N/A,N/A,,N/A,outperform
278,2006-06-21 09:29:01,1150853341.0,agn,104.14,12.18356134870193,1252.2,3.2929686211106404,8.89059272759129,N/A,N/A,N/A,N/A,N/A,N/A,N/A,N/A,N/A,N/A,N/A,N/A,N/A,N/A,N/A,N/A,N/A,N/A,N/A,N/A,N/A,N/A,N/A,N/A,N/A,N/A,N/A,N/A,N/A,N/A,N/A,N/A,N/A,N/A,,N/A,outperform
279,2007-02-20 16:30:00,1171960200.0,agn,113.32,8.815056654503547,1459.68,16.569238140872066,-7.75418148636852,N/A,N/A,N/A,N/A,N/A,N/A,N/A,N/A,N/A,N/A,N/A,N/A,N/A,N/A,N/A,N/A,N/A,N/A,N/A,N/A,N/A,N/A,N/A,N/A,N/A,N/A,N/A,N/A,N/A,N/A,N/A,N/A,N/A,N/A,,N/A,underperform
280,2007-04-06 22:28:10,1175869690.0,agn,113.52,0.17649135192375826,1437.77,-1.501013920859372,1.6775052727831303,N/A,N/A,N/A,N/A,N/A,N/A,N/A,N/A,N/A,N/A,N/A,N/A,N/A,N/A,N/A,N/A,N/A,N/A,N/A,N/A,N/A,N/A,N/A,N/A,N/A,N/A,N/A,N/A,N/A,N/A,N/A,N/A,N/A,N/A,,N/A,outperform
281,2008-01-23 23:06:53,1201100813.0,agn,65.01,-42.73255813953487,1338.6,-6.897487080687458,-35.83507105884742,N/A,N/A,N/A,N/A,N/A,N/A,N/A,N/A,N/A,N/A,N/A,N/A,N/A,N/A,N/A,N/A,N/A,N/A,N/A,N/A,N/A,N/A,N/A,N/A,N/A,N/A,N/A,N/A,N/A,N/A,N/A,N/A,N/A,N/A,,N/A,underperform
282,2008-02-16 18:44:49,1203158689.0,agn,63.89,-1.722811875096146,1367.21,2.137307634842382,-3.860119509938528,N/A,N/A,N/A,N/A,N/A,N/A,N/A,N/A,N/A,N/A,N/A,N/A,N/A,N/A,N/A,N/A,N/A,N/A,N/A,N/A,N/A,N/A,N/A,N/A,N/A,N/A,N/A,N/A,N/A,N/A,N/A,N/A,N/A,N/A,,N/A,underperform
283,2008-05-17 08:24:31,1210983871.0,agn,54.11,-15.307559868524026,1408.66,3.031721535097026,-18.33928140362105,N/A,N/A,N/A,N/A,N/A,N/A,N/A,N/A,N/A,N/A,N/A,N/A,N/A,N/A,N/A,N/A,N/A,N/A,N/A,N/A,N/A,N/A,N/A,N/A,N/A,N/A,N/A,N/A,N/A,N/A,N/A,N/A,N/A,N/A,,N/A,underperform
284,2004-02-15 09:40:39,1076809239.0,aig,74.72,0.0,1152.11,0.0,0.0,N/A,N/A,N/A,N/A,N/A,N/A,N/A,N/A,N/A,N/A,N/A,N/A,N/A,N/A,N/A,N/A,N/A,N/A,N/A,N/A,N/A,N/A,N/A,N/A,N/A,N/A,N/A,N/A,N/A,N/A,N/A,N/A,N/A,N/A,,N/A,underperform
285,2004-08-18 11:50:54,1092801054.0,aig,68.32,-8.565310492505361,1095.17,-4.942236418397535,-3.6230740741078264,N/A,N/A,N/A,N/A,N/A,N/A,N/A,N/A,N/A,N/A,N/A,N/A,N/A,N/A,N/A,N/A,N/A,N/A,N/A,N/A,N/A,N/A,N/A,N/A,N/A,N/A,N/A,N/A,N/A,N/A,N/A,N/A,N/A,N/A,,N/A,underperform
286,2005-01-18 04:07:03,1105992423.0,aig,66.14,-3.1908665105386316,1195.98,9.20496361295506,-12.395830123493692,N/A,N/A,N/A,N/A,N/A,N/A,N/A,N/A,N/A,N/A,N/A,N/A,N/A,N/A,N/A,N/A,N/A,N/A,N/A,N/A,N/A,N/A,N/A,N/A,N/A,N/A,N/A,N/A,N/A,N/A,N/A,N/A,N/A,N/A,,N/A,underperform
287,2005-04-28 12:07:20,1114661240.0,aig,51.85,-21.60568491079528,1143.22,-4.411445007441595,-17.194239903353683,N/A,N/A,N/A,N/A,N/A,N/A,N/A,N/A,N/A,N/A,N/A,N/A,N/A,N/A,N/A,N/A,N/A,N/A,N/A,N/A,N/A,N/A,N/A,N/A,N/A,N/A,N/A,N/A,N/A,N/A,N/A,N/A,N/A,N/A,,N/A,underperform
288,2006-01-07 18:38:22,1136630302.0,aig,70.11,35.216972034715525,1273.46,11.392382918423401,23.824589116292124,N/A,N/A,N/A,N/A,N/A,N/A,N/A,N/A,N/A,N/A,N/A,N/A,N/A,N/A,N/A,N/A,N/A,N/A,N/A,N/A,N/A,N/A,N/A,N/A,N/A,N/A,N/A,N/A,N/A,N/A,N/A,N/A,N/A,N/A,,N/A,outperform
289,2006-06-17 17:06:59,1150535219.0,aig,59.87,-14.605619740407933,1230.04,-3.4096084682675603,-11.196011272140373,N/A,N/A,N/A,N/A,N/A,N/A,N/A,N/A,N/A,N/A,N/A,N/A,N/A,N/A,N/A,N/A,N/A,N/A,N/A,N/A,N/A,N/A,N/A,N/A,N/A,N/A,N/A,N/A,N/A,N/A,N/A,N/A,N/A,N/A,,N/A,underperform
290,2007-01-23 22:00:19,1169560819.0,aig,69.8,16.58593619508936,1427.99,16.09297258625736,0.4929636088319995,N/A,N/A,N/A,N/A,N/A,N/A,N/A,N/A,N/A,N/A,N/A,N/A,N/A,N/A,N/A,N/A,N/A,N/A,N/A,N/A,N/A,N/A,N/A,N/A,N/A,N/A,N/A,N/A,N/A,N/A,N/A,N/A,N/A,N/A,,N/A,outperform
291,2007-03-15 06:01:57,1173909717.0,aig,67.0,-4.011461318051572,1392.28,-2.500717792141404,-1.5107435259101685,N/A,N/A,N/A,N/A,N/A,N/A,N/A,N/A,N/A,N/A,N/A,N/A,N/A,N/A,N/A,N/A,N/A,N/A,N/A,N/A,N/A,N/A,N/A,N/A,N/A,N/A,N/A,N/A,N/A,N/A,N/A,N/A,N/A,N/A,,N/A,underperform
292,2007-05-04 05:36:10,1178228170.0,aig,70.65,5.447761194029859,1505.62,8.140603901514057,-2.692842707484198,N/A,N/A,N/A,N/A,N/A,N/A,N/A,N/A,N/A,N/A,N/A,N/A,N/A,N/A,N/A,N/A,N/A,N/A,N/A,N/A,N/A,N/A,N/A,N/A,N/A,N/A,N/A,N/A,N/A,N/A,N/A,N/A,N/A,N/A,,N/A,underperform
293,2007-06-05 04:27:22,1180988842.0,aig,72.55,2.689313517338983,1530.95,1.6823634117506512,1.0069501055883319,N/A,N/A,N/A,N/A,N/A,N/A,N/A,N/A,N/A,N/A,N/A,N/A,N/A,N/A,N/A,N/A,N/A,N/A,N/A,N/A,N/A,N/A,N/A,N/A,N/A,N/A,N/A,N/A,N/A,N/A,N/A,N/A,N/A,N/A,,N/A,outperform
294,2007-07-06 07:35:21,1183678521.0,aig,70.27,-3.1426602343211596,1530.44,-0.0333126490087848,-3.1093475853123747,N/A,N/A,N/A,N/A,N/A,N/A,N/A,N/A,N/A,N/A,N/A,N/A,N/A,N/A,N/A,N/A,N/A,N/A,N/A,N/A,N/A,N/A,N/A,N/A,N/A,N/A,N/A,N/A,N/A,N/A,N/A,N/A,N/A,N/A,,N/A,underperform
295,2008-01-23 16:02:26,1201075346.0,aig,52.07,-25.900099615767747,1338.6,-12.534957267191144,-13.365142348576603,N/A,N/A,N/A,N/A,N/A,N/A,N/A,N/A,N/A,N/A,N/A,N/A,N/A,N/A,N/A,N/A,N/A,N/A,N/A,N/A,N/A,N/A,N/A,N/A,N/A,N/A,N/A,N/A,N/A,N/A,N/A,N/A,N/A,N/A,,N/A,underperform
296,2008-05-23 12:57:40,1211518660.0,aig,37.81,-27.386210869982712,1375.93,2.788734498730028,-30.17494536871274,N/A,N/A,N/A,N/A,N/A,N/A,N/A,N/A,N/A,N/A,N/A,N/A,N/A,N/A,N/A,N/A,N/A,N/A,N/A,N/A,N/A,N/A,N/A,N/A,N/A,N/A,N/A,N/A,N/A,N/A,N/A,N/A,N/A,N/A,,N/A,underperform
297,2008-09-21 02:42:52,1221936172.0,aig,3.85,-89.81750859560962,1206.51,-12.313126394511354,-77.50438220109827,N/A,N/A,N/A,N/A,N/A,N/A,N/A,N/A,N/A,N/A,N/A,N/A,N/A,N/A,N/A,N/A,N/A,N/A,N/A,N/A,N/A,N/A,N/A,N/A,N/A,N/A,N/A,N/A,N/A,N/A,N/A,N/A,N/A,N/A,,N/A,underperform
298,2008-10-27 11:48:40,1225079320.0,aig,1.7,-55.84415584415585,848.92,-29.638378463502168,-26.205777380653682,N/A,N/A,N/A,N/A,N/A,N/A,N/A,N/A,N/A,N/A,N/A,N/A,N/A,N/A,N/A,N/A,N/A,N/A,N/A,N/A,N/A,N/A,N/A,N/A,N/A,N/A,N/A,N/A,N/A,N/A,N/A,N/A,N/A,N/A,,N/A,underperform
299,2008-12-17 11:42:57,1229485377.0,aig,1.8,5.882352941176476,904.42,6.537718512934081,-0.6553655717576046,N/A,N/A,N/A,N/A,N/A,N/A,N/A,N/A,N/A,N/A,N/A,N/A,N/A,N/A,N/A,N/A,N/A,N/A,N/A,N/A,N/A,N/A,N/A,N/A,N/A,N/A,N/A,N/A,N/A,N/A,N/A,N/A,N/A,N/A,,N/A,underperform
300,2008-12-19 05:47:27,1229636847.0,aig,1.67,-7.2222222222222285,887.88,-1.8287963556754567,-5.393425866546772,N/A,N/A,N/A,N/A,N/A,N/A,N/A,N/A,N/A,N/A,N/A,N/A,N/A,N/A,N/A,N/A,N/A,N/A,N/A,N/A,N/A,N/A,N/A,N/A,N/A,N/A,N/A,N/A,N/A,N/A,N/A,N/A,N/A,N/A,,N/A,underperform
301,2009-01-06 14:34:51,1231223691.0,aig,1.66,-0.5988023952095813,934.7,5.273235121863321,-5.8720375170729024,N/A,N/A,N/A,N/A,N/A,N/A,N/A,N/A,N/A,N/A,N/A,N/A,N/A,N/A,N/A,N/A,N/A,N/A,N/A,N/A,N/A,N/A,N/A,N/A,N/A,N/A,N/A,N/A,N/A,N/A,N/A,N/A,N/A,N/A,,N/A,underperform
